longitude,latitude,height,easting,northing,g_z
-0.15168539325842711,-0.48008861120527063,1091.5,-16885.540738305557,-53086.08002829511,6.368816202744344
-0.14719101123595507,-0.4925336025218503,1076.2,-16385.228420133528,-54462.226166671884,6.489248327664488
0.09026217228464428,-0.49502140616157,1222.2,10047.939056621331,-54737.32360508493,5.131214005559062
0.098002996254682,-0.48008861120527063,1228.6,10909.643639286298,-53086.08002829511,5.6601732146016595
0.10873857677902621,-0.47287159140289126,1232.9,12104.72299662648,-52288.03532452593,8.41149242105509
0.12896329588015,-0.4706316721594463,1229.9,14356.12842840057,-52040.34936828969,7.872729064168969
0.18789063670411987,-0.481334006304626,1199.7,20915.89000272658,-53223.79360135244,6.166035480868639
0.19887640449438182,-0.49004430560263507,1202.4,22138.820079111687,-54186.963707900744,6.020705034794787
0.22634157303370783,-0.5,1188.7,25196.228655460895,-55287.84904552575,6.094210972744387
0.23757752808988808,-0.48631110686356044,1200.9,26447.009450890993,-53774.15277609885,7.109826066749319
0.25180973782771565,-0.47635541246619606,1203.9,28031.331791769022,-52673.26970953494,7.241653232823536
0.26104868913857693,-0.4788447093854108,1207.6,29059.80714715795,-52948.53160480051,4.834543585566607
0.2742816479400749,-0.4788447093854108,1199.7,30532.893382629074,-52948.53160480051,6.389558343581283
0.2892629213483149,-0.48008861120527063,1199.7,32200.601109869156,-53086.08002829511,6.265029169222047
0.30474456928838967,-0.4738676088264763,1200.9,33924.01027519901,-52398.17303905484,7.587560057255747
0.31722846441947583,-0.4915375850982652,1175.6,35313.71112430815,-54352.08814580065,6.379554468790307
0.3284644194756555,-0.47660479014196583,1203.9,36564.49191973818,-52700.845431745176,4.035869234949623
0.33220973782771523,-0.4987546049006446,1168.0,36981.41885154817,-55150.13508359997,4.763567140764337
0.35143520599250944,-0.4838218099443457,1184.7,39121.58817791535,-53498.8905754544,7.306379735646697
0.36242247191011223,-0.483573925548071,1193.6,40344.68502507319,-53471.479948007254,5.135163378970009
0.382647191011236,-0.48083525095308594,1188.7,42596.090456847276,-53168.64211939764,4.978873222231374
0.4013737827715357,-0.48631110686356044,1173.8,44680.72511589735,-53774.15277609885,5.605865089462378
0.4273408239700375,-0.4902936832784059,1183.5,47571.36291952253,-54214.53948643243,7.902746871654207
0.45255880149812755,-0.48979492792686524,1161.0,50378.61533678573,-54159.387930409786,3.233000098562627
-0.30274606741573007,-0.32329426416412976,405.4,-33701.538064385146,-35748.221371619205,8.614215723045708
-0.2867670411985016,-0.32827285800255973,532.8,-31922.7610025109,-36298.73479841065,9.10928698229572
-0.2712853932584268,-0.334493860381354,579.1,-30199.351837181046,-36986.629291248944,9.107633875132468
-0.257053183520599,-0.34071635603964334,652.0,-28615.02949630299,-37674.68934722444,9.154671387148577
-0.24157303370786526,-0.3469388516979337,719.9,-26891.78710174587,-38362.74985351934,8.475500829475168
-0.22434456928838958,-0.353159854076728,823.0,-24973.923215419807,-39050.645696879,9.680892760602779
-0.2083640449438201,-0.35938234973501726,937.9,-23194.97938277282,-39738.70712837013,7.5849152792512236
-0.19113558052434443,-0.36684874721316696,919.0,-21277.115496446757,-40564.3154251791,7.61221495267833
-0.17565543071161038,-0.3897452017196611,720.2,-19553.873101889618,-43096.13024199876,6.483386867601922
-0.17565543071161038,-0.3631155484740924,769.6,-19553.873101889618,-40151.51119040247,6.551929029902677
-0.17041198501872673,-0.3812842800974219,947.3,-18970.175397355622,-42160.54849834408,7.860684073700363
-0.17041198501872673,-0.3643594502939522,890.0,-18970.175397355622,-40289.05754215251,8.966884113964074
-0.16916404494381998,-0.40866057309080484,919.0,-18831.255343676487,-45187.73519057571,7.417105750637874
-0.16317153558052422,-0.3730712428714573,968.3,-18164.172252780478,-41252.37791246114,8.75373822015633
-0.16092434456928822,-0.42906922395757924,992.1,-17914.016093694467,-47444.468104791194,7.269730298504056
-0.15343370786516825,-0.3730712428714573,1036.3,-17080.16223007442,-41252.37791246114,9.011165712222057
-0.1501872659176029,-0.4440020189138781,1079.0,-16718.769965581523,-49095.699665321044,5.585040556648806
-0.14344569288389508,-0.46515581624897173,999.7,-15968.301488323506,-51434.8401058881,7.0495354834539885
-0.1416973782771534,-0.4527123182118871,1061.3,-15773.67999655458,-50058.864587913835,6.154070975726109
-0.1416973782771534,-0.3755590465111765,1089.6,-15773.67999655458,-41527.4709474616,7.84500391144238
-0.13146067415730328,-0.4664012113483272,1067.7,-14634.135306531458,-51572.55337851353,5.901662767846291
-0.12746516853932588,-0.36187164665423255,1127.7,-14189.357655676551,-40013.96485783113,9.07213816400943
-0.1177273408239699,-0.46142261750989666,1150.6,-13105.347632970499,-51022.03068295905,7.792482487616737
-0.11672958801498112,-0.3544052491760834,1200.9,-12994.278298336307,-39188.35701847329,8.094057317198354
-0.10823970037453212,-0.46142261750989666,1410.9,-12049.18832930942,-51022.03068295905,7.692191731390498
-0.09974981273408207,-0.426579927038364,1728.2,-11104.09836028241,-47169.208124320474,9.71994931303922
-0.09875205992509334,-0.36062625155487765,1318.9,-10993.029025648228,-39876.2534227601,9.45201507093337
-0.09525543071161052,-0.3631155484740924,1680.0,-10603.786042110436,-40151.51119040247,9.558183999123154
-0.09500674157303363,-0.4141364290012799,1737.6,-10576.102093838237,-45793.23981024819,8.66022194503069
-0.09425767790262174,-0.45520161513110236,1488.9,-10492.716707476246,-50334.12554740655,8.603679985944186
-0.09325842696629222,-0.43653562143572844,1692.5,-10381.480602069343,-48270.08346970159,9.466171564601906
-0.09026217228464434,-0.36933804413238225,1775.4,-10047.939056621339,-40839.57338580301,8.420259670137483
-0.0852689138576776,-0.4477352176529532,1639.2,-9492.09207113218,-49508.50807908684,6.279839393581249
-0.0852689138576776,-0.40915783516284987,1792.2,-9492.09207113218,-45242.72100315146,8.82834412432591
-0.0765288389513109,-0.36809264903302685,1780.0,-8519.15138306037,-40701.861834884,10.327649995017707
-0.07328389513108613,-0.3992036340449805,1715.7,-8157.925889340168,-44142.01466801915,8.439069056260587
-0.06429513108614193,-0.3718258477721019,1781.5,-7157.301252996095,-41114.66630272801,10.514643310806655
-0.06379475655430705,-0.38427083908868165,1699.5,-7101.599814906313,-42490.79256442976,9.44288462309489
-0.06104868913857686,-0.3643594502939522,1784.6,-6795.908988503226,-40289.05754215251,9.873878689354461
-0.05730337078651665,-0.39298113838669063,1666.3,-6378.982056693182,-43453.95005468994,9.988673023440013
-0.05455730337078646,-0.3544052491760834,1817.2,-6073.291230290097,-39188.35701847329,10.93997950789517
-0.04132284644194717,-0.34818275351779304,1733.4,-4600.038224046196,-38500.29596098545,9.430602755251797
-0.038576779026217034,-0.39298113838669063,1636.5,-4294.347397643116,-43453.95005468994,9.331452884461186
-0.030086891385767534,-0.34071635603964334,1702.9,-3349.257428616171,-37674.68934722444,8.350218258482784
-0.024843445692883603,-0.3877546601519859,1603.2,-2765.5597240821485,-42876.02241542326,8.802689697670083
-0.02109812734082389,-0.3257835610833445,1676.4,-2348.6327922721584,-36023.47805056079,9.949313966238513
-0.011111610486890966,-0.37680444161053195,1549.9,-1236.938821293901,-41665.182616601094,8.312629745560134
0.00761498127340865,-0.3730712428714573,1426.8,847.6958377561648,-41252.37791246114,10.607235295947811
0.01760299625468187,-0.36933804413238225,1398.1,1959.5565795070875,-40839.57338580301,10.121859426183438
0.022596254681648054,-0.3474361137699782,1478.3,2515.4035649961857,-38417.73527002609,10.37641842304575
0.024843445692884103,-0.32628082315538953,1642.9,2765.559724082204,-36078.46334619802,11.12758191481946
0.024843445692884103,-0.38178154216946636,1392.3,2765.559724082204,-42215.534127268395,8.4562112851714
0.027090636704120152,-0.3967143371257652,1408.2,3015.7158831682223,-43866.75573537224,8.04827978758953
0.030835955056179865,-0.41289103390192444,1399.0,3432.642814978212,-45655.527514466885,7.433836343708075
0.03583071161048679,-0.367346009285212,1382.9,3988.6565712400247,-40619.30096238503,7.92447947858156
0.03757752808988801,-0.42906922395757924,1374.0,4183.111292236268,-47444.468104791194,8.193263746214836
0.04456928838951324,-0.4440020189138781,1367.0,4961.430488539174,-49095.699665321044,7.602862076182396
0.05855131086142362,-0.38103490242165156,1324.3,6517.902110372345,-42132.97312408879,5.034257919278953
0.06204794007490644,-0.4514684163920278,1321.9,6907.145093910138,-49921.31670585526,8.061920686787465
0.07328389513108602,-0.38252818191728116,1304.5,8157.925889340157,-42298.095137709955,4.789854615331343
0.0765288389513109,-0.46888901498804636,1280.8,8519.15138306037,-51847.64975010812,7.66789557208829
0.08901423220973781,-0.38003888499806643,1323.4,9909.019002942225,-42022.83675713814,4.5202586025028655
0.10199700374531862,-0.339472454219784,1428.0,11354.254519368485,-37537.143348762605,-3.4394117637765382
0.10249737827715355,-0.33374722063353923,1440.2,11409.955957458273,-36904.06871924862,-1.8304579034739041
0.10374531835206002,-0.3310100393180492,1447.8,11548.876011137381,-36601.401716504326,-3.023020518023857
0.10549363295880143,-0.32827285800255973,1462.4,11743.497502906277,-36298.73479841065,-2.219840708411959
0.10574232209737833,-0.3434535373551333,1420.4,11771.181451178476,-37977.35665580055,-2.4822251810116502
0.10848988764044976,-0.34619221195011884,1420.4,12077.03904835433,-38280.18917356737,-0.5807455747941299
0.10848988764044976,-0.3835241993408668,1316.7,12077.03904835433,-42408.231536975785,2.24734328009216
0.10998801498127342,-0.323046379767855,1470.6,12243.809821078303,-35720.81129216803,-1.7085772327627677
0.11198501872659183,-0.3494266553376528,1429.5,12466.115261119408,-38637.84208683774,-2.724430649745855
0.11248389513108648,-0.35241321432891315,1435.9,12521.64992843653,-38968.084961486544,-1.6918051449615343
0.11548014981273436,-0.3561464130679878,1399.0,12855.191473884535,-39380.8887057916,-2.2138605355071084
0.1194756554307117,-0.3947237955580911,1301.8,13299.969124739437,-43646.64772305858,3.682956477433029
0.1194756554307117,-0.35938234973501726,1393.5,13299.969124739437,-39738.70712837013,-1.5473448952002378
0.12297078651685434,-0.3621195310505073,1384.4,13689.045337504576,-40041.37504982974,-1.7472690315328354
0.1302127340823973,-0.3670981248889373,1371.0,14495.215252852406,-40591.89075426297,-2.898982179236961
0.1332089887640452,-0.40915783516284987,1316.7,14828.756798300412,-45242.72100315146,5.715101784135235
0.13920149812734095,-0.3245396592634846,1483.8,15495.839889196419,-35885.93226300173,-5.7501033458318975
0.13920149812734095,-0.37705232600680666,1367.0,15495.839889196419,-41692.59285528155,-0.5295457885120806
0.14419475655430714,-0.38601200298058597,1356.3,16051.686874685516,-42683.32490888494,1.7812091434964579
0.1451940074906367,-0.32852074239883444,1435.9,16162.922980092428,-36326.14489227399,-5.855990146309075
0.1484389513108615,-0.46515581624897173,1251.2,16524.14847381263,-51434.8401058881,7.702959132424599
0.1529333333333336,-0.3315073013900942,1422.8,17024.460791984664,-36656.38704129421,-4.7587789174528226
0.1534337078651684,-0.396963714801536,1333.8,17080.162230074442,-43894.33116154698,3.9868493269846663
0.15368239700374542,-0.4076645556672197,1327.4,17107.846178346652,-45077.59845322573,7.64498889744776
0.15493183520599263,-0.4253360252185041,1279.2,17246.933002798476,-47031.66072941025,6.46256332595155
0.1579280898876405,-0.4328024226966538,1275.0,17580.47454824648,-47857.27568429721,7.5308175744696175
0.15967490636704118,-0.4452459207337379,1267.3,17774.92926924266,-49233.247405234855,7.943257947488275
0.16342022471910145,-0.3310100393180492,1409.4,18191.856201052713,-36601.401716504326,-7.199680958167566
0.1666666666666664,-0.42359336804710424,1305.1,18553.248465545566,-46838.962315963305,5.917498609437441
0.16866367041198527,-0.4576894187708221,1246.0,18775.55390558672,-50609.22147954989,6.386989125084331
0.16891385767790246,-0.33399659830930895,1413.6,18803.404624631585,-36931.643949590456,-5.043836838194723
0.17640449438202244,-0.42035743138007414,1293.3,19637.258488251628,-46481.141128154886,6.694023113879223
0.1779026217228461,-0.3434535373551333,1392.3,19804.0292609756,-37977.35665580055,-3.5240497775636914
0.17840149812734074,-0.46764511316818647,1220.7,19859.56392829272,-51710.10155196131,4.879208581573189
0.18739026217228494,-0.4109004923342498,1293.9,20860.188564636792,-45435.41905830125,4.250666152495597
0.19113558052434465,-0.3474361137699782,1374.0,21277.115496446782,-38417.73527002609,-4.15354161211092
0.19887640449438182,-0.3643594502939522,1348.4,22138.820079111687,-40289.05754215251,-0.27812153556885844
0.20312059925093673,-0.4066700315231302,1291.4,22611.28167823886,-44967.626852198766,7.077189784252565
0.21310861423220984,-0.3812842800974219,1319.2,23723.14241998977,-42160.54849834408,2.5012824822525355
0.2300868913857681,-0.39397715581027576,1294.8,25613.15558727095,-43564.08659193637,5.664357751062381
0.2583026217228468,-0.39372777813450544,1274.1,28754.116320754867,-43536.511175813335,7.878054899960684
0.2650441947565544,-0.3519159522568681,1261.9,29504.584798012864,-38913.09951543668,7.697221965657957
0.26853932584269635,-0.32254762441631435,1336.5,29893.66101077793,-35665.660893392866,8.657342459854735
0.26853932584269635,-0.3382270591204286,1321.9,29893.66101077793,-37399.43224701462,8.679430027123628
0.2697872659176034,-0.3805376403496065,1228.3,30032.5810644571,-42077.98749999779,7.022545673322324
0.2707865168539324,-0.3656048453933076,1240.5,30143.817169863945,-40426.76903485263,6.618642871702436
0.2737827715355803,-0.40915783516284987,1203.9,30477.35871531195,-45242.72100315146,9.66096543458257
0.2737827715355803,-0.39547043530590587,1201.2,30477.35871531195,-43729.208861690335,9.195998012143168
0.2777782771535582,-0.42160282647942954,1245.7,30922.136366166913,-46618.8535563763,8.266788821543868
0.2905123595505621,-0.4377795232555883,1228.3,32339.68793432098,-48407.63106984018,7.998788882087705
0.29350861423221,-0.4502230212926724,1216.1,32673.229479768983,-49783.60372417862,8.38887389658408
0.2975026217228466,-0.3962170750537207,1278.0,33117.84035985117,-43811.770007847066,7.890794633721777
0.30049887640449446,-0.4639119144291119,1211.6,33451.381905299175,-51297.29198167161,6.309468730234243
0.3112359550561795,-0.3894973173233863,1281.7,34646.62803341208,-43068.71996215301,8.95463016237152
0.3182277153558054,-0.3805376403496065,1291.1,35424.947229715064,-42077.98749999779,7.773100406289296
0.32446891385767807,-0.40492737435173026,1256.7,36119.71426888327,-44774.92889970373,9.448926429857222
0.33320898876404526,-0.4099044749106647,1250.0,37092.65495695513,-45325.282289786046,8.490923790670996
0.33570486891385776,-0.4263305493625937,1239.3,37370.4950643133,-47141.63259436568,6.939413811572458
0.3421977528089889,-0.4405167045710783,1229.9,38093.27959329915,-48710.301920923666,7.363654715493588
0.35018726591760296,-0.45719215669877705,1212.5,38982.66812423625,-50554.23531012875,6.222116205941022
0.45630411985018726,-0.46739573549241675,1191.1,50795.54226859572,-51682.52586575131,4.568061686933565
0.4575535580524345,-0.3220503623442693,1282.3,50934.62909304754,-35610.67561829789,6.862959253192893
0.4575535580524345,-0.4494763815448576,1206.1,50934.62909304754,-49701.041995998596,5.944069412131286
0.4575535580524345,-0.3432056529588586,1279.2,50934.62909304754,-37949.94651950513,7.363465467903381
0.4575535580524345,-0.4069179159194049,1247.5,50934.62909304754,-44995.037189908,5.294350504002235
0.4575535580524345,-0.38576411858431126,1256.7,50934.62909304754,-42655.91464128904,7.044491068820307
0.4575535580524345,-0.4283225842097639,1224.7,50934.62909304754,-47361.90661344125,5.3984405656466175
0.4575535580524345,-0.3643594502939522,1272.5,50934.62909304754,-40289.05754215251,4.869543694698504
-0.404868913857678,-0.18193146743082778,70.1,-45069.80132866245,-20116.974518025127,9.3144586368803
-0.4013737827715354,-0.1864113059177177,51.2,-44680.72511589732,-20612.332008003083,7.358376059644764
-0.39995955056179766,-0.1883675020569926,0.0,-44523.293506445865,-20828.638151833886,8.589533334809063
-0.3881393258426964,-0.20383190451373623,1.2,-43207.47210965345,-22538.613409247842,10.053711321538144
-0.37415730337078656,-0.2299642956872599,7.9,-41651.00048782034,-25428.204646189406,10.288307715782818
-0.37051235955056144,-0.17781001602288926,171.6,-41245.24719778279,-19661.245737391047,8.404490389928343
-0.3676659176029959,-0.31209466794690494,3.0,-40928.38272960718,-34509.81483619306,8.871113392350615
-0.3654187265917601,-0.24987568448198877,3.0,-40678.22657052119,-27629.91161506226,9.041435622820826
-0.36242247191011195,-0.2725227613127126,14.0,-40344.68502507316,-30134.122121886678,7.431899796432427
-0.3476898876404493,-0.2710294818170824,127.1,-38704.661246105316,-29969.001940606315,11.243866991401745
-0.3459430711610484,-0.29342867425153096,88.4,-38510.20652510911,-32445.80688956918,8.571690763251384
-0.344194756554307,-0.2623191825190729,104.5,-38315.58503334021,-29005.856330668452,10.495934139721546
-0.34319550561797746,-0.31582786668598006,82.9,-38204.34892793331,-34922.616863829186,9.283442589890853
-0.33370786516853945,-0.3183171636051948,131.4,-37148.18962427221,-35197.87333924121,10.625737927638117
-0.3287146067415727,-0.2722748769164378,228.6,-36592.34263878305,-30106.712170360803,10.82667739698088
-0.3279655430711609,-0.2585859837799983,269.7,-36508.95725242106,-28593.056261402115,9.241448682299447
-0.31897677902621696,-0.32080646052441003,274.3,-35508.332616077016,-35473.12988198361,11.554476249190413
-0.31448239700374514,-0.25236348812170845,419.1,-35008.02029790501,-27905.001378470926,6.6597103684109005
-0.3122352059925091,-0.2772519774753722,278.0,-34757.86413881899,-30657.057873414033,9.307673185160805
-0.2937573033707864,-0.23743069316540905,598.9,-32700.91342804113,-26253.803100410587,0.7145939765686516
-0.2937573033707864,-0.2822290780343067,371.2,-32700.91342804113,-31207.403810902,6.629390825025549
-0.2910112359550563,-0.23369749442633447,628.5,-32395.222601638052,-25841.003817712364,-0.9115359791286588
-0.2845198501872656,-0.2287203938673995,694.9,-31672.60484342489,-25290.659986625684,-6.216100476276913
-0.28027415730337074,-0.2921847724316711,429.5,-31199.97647352509,-32308.261526492253,6.7140553104181455
-0.2762801498127338,-0.22001009456939052,798.6,-30755.365593442864,-24327.51746516745,-4.790451155250378
-0.264543820224719,-0.20134410087401655,952.8,-29448.883359923027,-22263.5245807652,3.172160939871099
-0.26254681647940065,-0.29342867425153096,577.0,-29226.577919881925,-32445.80688956918,5.273811963952387
-0.2615475655430711,-0.19014450465679228,1021.1,-29115.34181447502,-21025.130013734335,5.297362815643623
-0.25205992509363306,-0.17396631460113798,1114.9,-28059.182510813913,-19236.229206670418,7.519692898108174
-0.24357003745318334,-0.29467406935088636,728.5,-27114.09254178694,-32583.517388660384,4.920222357598037
-0.22409438202247184,-0.29591797117074625,879.3,-24946.072496374883,-32721.062782819437,0.9533651039952996
-0.20736629213483132,-0.29716187299060604,1043.0,-23083.910048138634,-32858.60819260886,-1.269973915148727
-0.20337078651685392,-0.17272241278127765,873.2,-22639.132397283724,-19098.685025829465,12.460754368297076
-0.1878906367041196,-0.29467406935088636,1147.9,-20915.89000272655,-32583.517388660384,-4.581593310917063
-0.17890187265917573,-0.2909408706118118,1198.5,-19915.265366382515,-32170.716178843344,-2.8302829759136388
-0.16641647940074877,-0.18267810717864258,1219.2,-18525.397746500654,-20199.53409095083,14.05079583400762
-0.1659176029962547,-0.19885480395480126,1168.0,-18469.863079183593,-21988.270675513635,13.139085599544703
-0.1659176029962547,-0.2299642956872599,769.6,-18469.863079183593,-25428.204646189406,11.758375104016585
-0.1659176029962547,-0.21627689583031595,1030.2,-18469.863079183593,-23914.718686064916,14.008083724889055
-0.1624224719101121,-0.24863028938263387,989.1,-18080.78686641846,-27492.201633312157,10.687759572795878
-0.16117303370786512,-0.274762680556157,1239.3,-17941.700041966662,-30381.802432735287,5.638901733484763
-0.16067415730337076,-0.28098517621444685,1265.5,-17886.165374649572,-31069.85858439932,3.8503680498232677
-0.1529333333333331,-0.2610752806992136,1133.8,-17024.46079198461,-28868.311333814512,7.73476483838236
-0.15218426966292126,-0.18018881025942735,1299.0,-16941.075405622625,-19924.28048826403,13.31941363101057
-0.14394456928838945,-0.19636550703558653,1203.9,-16023.8361556406,-21713.016812320984,15.847789813725496
-0.13920149812734045,-0.27600807565551244,1299.0,-15495.839889196364,-30519.512705897607,6.17847508609541
-0.13395805243445652,-0.21254369709124082,1113.1,-14912.14218466234,-23501.920009848833,15.375664754878763
-0.12746516853932588,-0.2797412743945875,1695.3,-14189.357655676551,-30932.313372736928,5.40159269558359
-0.1262172284644194,-0.2648084794382881,1614.8,-14050.437601997444,-29281.111486094367,9.620388734987797
-0.12322097378277153,-0.22374329330846565,902.8,-13716.896056549438,-24740.31634893437,13.582013105815436
-0.12097378277153548,-0.2548527850409232,1216.4,-13466.73989746342,-28180.256315148144,10.20271923620576
-0.11972584269662895,-0.2909408706118118,1709.3,-13327.819843784308,-32170.716178843344,3.38373344652005
-0.11573033707865155,-0.2436531888236989,1175.9,-12883.042192929397,-26941.85719672204,10.168514429758586
-0.1094876404494381,-0.2896954755124564,1495.0,-12188.108382988472,-32033.005726121635,6.050213341057251
-0.09350861423220941,-0.28845157369259655,1722.1,-10409.331321114205,-31895.46040916017,8.871370499928728
-0.07927640449438184,-0.2847183749535214,1817.2,-8825.008980236169,-31482.659429057767,11.149121279635908
-0.06679101123595493,-0.2772519774753722,1741.0,-7435.141360354317,-30657.057873414033,13.884400038604719
-0.05380823970037413,-0.2710294818170824,1671.8,-5989.905843928055,-29969.001940606315,13.786496630567715
-0.04357003745318322,-0.26854167817736274,1704.7,-4850.194383132214,-29693.911764351567,12.949180661917909
-0.03707865168539337,-0.2623191825190729,1735.2,-4127.576624919145,-29005.856330668452,14.980437770310672
-0.01760299625468187,-0.31334006304626033,1751.1,-1959.5565795070875,-34647.52557602117,11.466663753107149
-0.01585468164793996,-0.2623191825190729,1802.0,-1764.935087738136,-29005.856330668452,15.139663686904736
-0.014107865168539346,-0.30214046682903606,1855.3,-1570.4803667419608,-33409.12023061988,11.144026509444702
-0.0098621722846442,-0.2623191825190729,1907.1,-1097.8519968421278,-29005.856330668452,14.186443448062624
-0.007865168539325895,-0.2909408706118118,1965.0,-875.546556801034,-32170.716178843344,13.603238524832504
-0.0018726591760301337,-0.28098517621444685,2052.2,-208.46346590502574,-31069.85858439932,12.357058607390059
0.0003745318352058602,-0.17645561152035272,1313.1,41.69269318098661,-19511.482715073478,15.823451300356583
0.005119101123595704,-0.2623191825190729,1615.4,569.8557303979484,-29005.856330668452,14.050640764828769
0.00761498127340865,-0.19561886728777172,1380.1,847.6958377561648,-21630.45717341617,14.833179296043687
0.011111610486891466,-0.26854167817736274,1774.5,1236.9388212939566,-29693.911764351567,11.224254433974053
0.014107865168539346,-0.2142848609831457,1458.5,1570.4803667419608,-23694.449299746342,15.79276888507608
0.0183520599250937,-0.24514646831932907,1613.3,2042.941965869073,-27106.97701785824,14.912863774942243
0.019600000000000173,-0.23444413417414928,1545.9,2181.8620195481813,-25923.563665301397,15.412515281529384
0.020349063670412004,-0.26057652534767295,1684.6,2265.2474059101664,-28813.16124291149,13.230193941418149
0.024843445692884103,-0.2814824382864919,1834.0,2765.559724082204,-31124.84364915392,11.527686454424764
0.029089138576779194,-0.31881442567723983,1696.8,3238.1880939820308,-35252.85859403144,10.330900802909534
0.03283445692883891,-0.25783934403218295,1720.0,3655.11502579202,-28510.496262365956,11.655912382961487
0.03358352059925129,-0.2944246916751161,1748.6,3738.500412154068,-32555.94226349317,9.03684281788321
0.046566292134831544,-0.2533595055452936,1873.6,5183.735928580268,-28015.136370693333,10.22250289741867
0.06329588014981291,-0.26182192044702834,1862.3,7046.0651475892455,-28950.871354276616,9.342902200450274
0.06654232209737843,-0.23369749442633447,1817.2,7407.457412082163,-25841.003817712364,8.906185092178834
0.07053632958801515,-0.2722748769164378,1798.0,7852.068292164363,-30106.712170360803,3.332160772232131
0.07103670411985052,-0.24514646831932907,1723.9,7907.769730254199,-27106.97701785824,6.57497825121426
0.07752808988764037,-0.28845157369259655,1671.2,8630.387488467268,-31895.46040916017,3.4803475842934226
0.080774531835206,-0.24415045089574394,1693.5,8991.779752960198,-26996.84209509666,6.127078952060508
0.09051235955056203,-0.22001009456939052,1669.4,10075.789775666257,-24327.51746516745,8.858146712063679
0.09151011235955075,-0.30039780965763563,1610.2,10186.85911030044,-33216.42447639226,-1.5330080536316517
0.09350861423220991,-0.19636550703558653,1744.7,10409.331321114261,-21713.016812320984,13.197080190300536
0.09700374531835187,-0.23743069316540905,1617.3,10798.407533879326,-26253.803100410587,5.991962165930376
0.09925093632958792,-0.2526128657974782,1641.9,11048.563692965345,-27932.57640570395,1.9692390068965222
0.10574232209737833,-0.31209466794690494,1503.9,11771.181451178476,-34509.81483619306,-1.9721948151832698
0.10823970037453157,-0.31682388410956464,1488.9,12049.188329309356,-35032.752470118474,-4.5307770011539175
0.10898876404494395,-0.17421569227690775,1732.2,12132.573715671404,-19263.804091569215,15.850338971528995
0.1094876404494386,-0.23096031311084447,1661.8,12188.108382988527,-25538.3394543795,5.216827147819259
0.11098576779026226,-0.3205570828486397,1475.8,12354.879155712497,-35445.55468838887,-3.181742211126493
0.1134831460674155,-0.263812462014703,1600.5,12632.88603384338,-29170.976393219444,-0.663029939750793
0.11448239700374552,-0.3125934232984455,1507.2,12744.12213925034,-34564.96517845357,-2.677866832698346
0.12222172284644195,-0.2147836163346858,1605.7,13605.659951142528,-23749.5992033322,7.648218853510143
0.12371985018726617,-0.3125934232984455,1488.9,13772.43072386656,-34564.96517845357,-5.1595550566313415
0.12796554307116126,-0.27078159742080765,1548.4,14245.059093766387,-29941.591992513357,-3.221413784367913
0.13195955056179787,-0.31981044310082496,1440.2,14689.669973848577,-35362.99423259303,-5.208608502068968
0.13945018726591785,-0.27824799489895735,1502.0,15523.523837468616,-30767.19309013197,-5.009546246867057
0.14369588014981305,-0.28173181596226166,1477.0,15996.152207368457,-31152.418742581645,-4.572634362219642
0.14494382022471897,-0.2150315007309605,1576.7,16135.072261047502,-23777.0090363307,7.730815333321488
0.1529333333333336,-0.28297571778212205,1462.7,17024.460791984664,-31289.963978023956,-5.800998100912508
0.15942621722846473,-0.28173181596226166,1466.4,17747.245320970513,-31152.418742581645,-3.8704023700313632
0.16466966292134866,-0.1911390288008818,1625.5,18330.943025504534,-21135.099417646677,12.248363958905237
0.16516853932584274,-0.2108010399198409,1559.6,18386.477692821594,-23309.225622514074,10.134133426697824
0.16766591760299654,-0.28521563702556646,1471.6,18664.48457095254,-31537.64451174774,-4.524939500676143
0.17640449438202244,-0.2887009513683668,1446.9,19637.258488251628,-31923.035519502646,-2.1808850074281114
0.18389513108614242,-0.287954311620552,1442.9,20471.112351871667,-31840.47531072891,-4.410003357152234
0.18439400749063706,-0.21005440017202553,1538.9,20526.64701918879,-23226.66590884662,8.640474720191387
0.18789063670411987,-0.2969139885943314,1432.2,20915.89000272658,-32831.19818172277,-3.946150545089959
0.18988764044943818,-0.3081135848115556,1416.1,21138.195442767676,-34069.60291746439,-3.445956553166323
0.19488089887640492,-0.22473781745255517,1506.0,21694.042428256835,-24850.285989451608,5.944280910430217
0.19662921348314577,-0.290194230863997,1417.3,21888.66392002567,-32088.155953545018,-1.79566367647501
0.1971280898876404,-0.29566859349497593,1414.9,21944.198587342795,-32693.48765452748,-2.089981884140415
0.19987565543071184,-0.25783934403218295,1456.0,22250.05618451865,-28510.496262365956,0.9330253740667137
0.20037453183520604,-0.24514646831932907,1479.8,22305.59085183572,-27106.97701785824,0.3071854784966934
0.2016224719101125,-0.2740160408083422,1413.6,22444.510905514828,-30299.2423239098,-0.21834385152833766
0.21335880149812758,-0.2312096907866148,1483.8,23750.993139034697,-25565.91443756176,6.266271735912299
0.23308314606741598,-0.23270297028224496,1453.9,25946.69713271895,-25731.034107628555,8.068095910895027
0.24656629213483172,-0.23220421493070487,1480.1,27447.634087235,-25675.884135860793,9.216352833824859
0.2662921348314603,-0.18068607233147238,1536.2,29643.50485169191,-19979.26515808185,12.8288385684204
0.27278352059925126,-0.30960686430718576,1353.3,30366.122609905102,-34234.72364752327,9.462865778827414
0.2750307116104873,-0.24240928700383957,1464.5,30616.27876899112,-26804.312399878483,11.355645359662399
0.28102322097378307,-0.19387770339586685,1513.9,31283.36185988713,-21437.928109920053,12.926475684500097
0.28576779026217236,-0.29591797117074625,1367.0,31811.524897104027,-32721.062782819437,10.017300186031468
0.28876404494382024,-0.24041725215666937,1471.9,32145.06644255203,-26584.04260780773,11.888585999910614
0.293757303370787,-0.2122943194154705,1482.2,32700.91342804119,-23474.345061898624,11.437153710062114
0.2945063670411988,-0.28347447313366214,1392.3,32784.29881440318,-31345.114172657377,11.616475705044914
0.3012479400749063,-0.2648084794382881,1418.8,33534.767291661155,-29281.111486094367,9.953863159071842
0.3024973782771536,-0.24863028938263387,1431.0,33673.854116113,-27492.201633312157,8.81439916436318
0.3024973782771536,-0.23842671058899417,1442.0,33673.854116113,-26363.937968048212,12.76485222059505
0.30823970037453163,-0.21876469947003507,1483.8,34313.08648796408,-24189.807780913798,10.91002388880858
0.3094876404494381,-0.20632120143295096,1501.1,34452.00654164318,-22813.867400176845,12.297434447784433
0.31647940074906344,-0.19014450465679228,1517.9,35230.3257379461,-21025.130013734335,11.423964381592453
0.3184764044943823,-0.17521170970049288,1510.9,35452.63117798726,-19373.938515781385,12.298509831527522
0.32422022471910106,-0.2299642956872599,1471.6,36092.03032061106,-25428.204646189406,9.881328347875804
0.3257183520599253,-0.2513689639776189,1478.3,36258.80109333509,-27795.031514701812,11.328017877339615
0.33545617977528075,-0.265555119186103,1463.9,37342.81111604109,-29363.671531610562,10.36587607088249
0.34019925093632974,-0.22498719512832493,1490.5,37870.80738248532,-24877.860960559938,10.455458146119472
0.35667865168539337,-0.28571439237710705,1388.4,39705.28588244938,-31592.794717227887,10.958459358019637
0.3591760299625466,-0.22374329330846565,1494.1,39983.29276058026,-24740.31634893437,11.509048473093568
0.3706621722846445,-0.2961673488465165,1354.8,41261.924275055266,-32748.63791173609,8.846277957011417
0.3774037453183521,-0.22498719512832493,1467.6,42012.39275231326,-24877.860960559938,10.547951476219966
0.37915056179775275,-0.2150315007309605,1477.4,42206.84747330944,-23777.0090363307,11.449848260152203
0.3911355805243447,-0.29990054758559115,1324.3,43541.0136551015,-33161.43931830911,7.395627888931819
0.39737827715355767,-0.2299642956872599,1462.7,44235.94746504238,-25428.204646189406,8.764565760972983
0.3978771535580523,-0.20881049835216625,1466.7,44291.4821323595,-23089.121434743513,8.903307967912692
0.40911310861423256,-0.2287203938673995,1421.3,45542.26292778959,-25290.659986625684,9.2316312611996
0.41210936329588044,-0.3006471873334059,1293.9,45875.8044732376,-33243.999616686924,8.534771692297104
0.4198501872659175,-0.20383190451373623,1434.1,46737.50905590249,-22538.613409247842,9.98758325174368
0.4230966292134831,-0.22623109694818477,1324.3,47098.90132039542,-25015.405584065884,6.2302750081590705
0.43158501872659183,-0.19636550703558653,1421.0,48043.82451864964,-21713.016812320984,7.420784158613393
0.43333333333333324,-0.2847183749535214,1275.3,48238.446010418535,-31482.659429057767,7.415268226240364
0.44506816479400757,-0.18392200899850242,1358.5,49544.76147316569,-20337.078347171067,8.98511660633168
0.4515610486891387,-0.22125399638925036,1253.9,50267.54600215154,-24465.06204152379,8.524420005277936
0.4515610486891387,-0.20383190451373623,1399.0,50267.54600215154,-22538.613409247842,7.516158468423252
0.4515610486891387,-0.19138840647665162,1392.9,50267.54600215154,-21162.674329246787,8.078177289230835
0.4540569288389512,-0.21129830199188593,1280.1,50545.3861095097,-23364.21039404222,7.826856942653183
0.4575535580524345,-0.24788364963481851,1236.3,50934.62909304754,-27409.641698531523,6.845101901321065
0.4575535580524345,-0.2677950384295479,1260.6,50934.62909304754,-29611.35169853684,7.545831162576068
0.4575535580524345,-0.28446899727775166,1259.1,50934.62909304754,-31455.08432843198,6.717531275776032
0.4575535580524345,-0.2289697715431704,1229.9,50934.62909304754,-25318.234965422507,9.483958201890728
0.4575535580524345,-0.3023883512253108,1283.2,50934.62909304754,-33436.530254756304,8.411612844137508
-0.49775280898876395,-0.04604303332850529,18.3,-55409.58923755077,-5091.175622226652,5.834034777010508
-0.4920104868913854,-0.054503954950744504,8.2,-54770.35686569962,-6026.736269214318,6.948149432714999
-0.4772779026217227,-0.07167666915048831,7.0,-53130.33308673178,-7925.597879538998,9.092752108501976
-0.4665423220973779,-0.08685884178255748,0.0,-51935.25372939153,-9604.35725680974,7.345776284684702
-0.45655430711610473,-0.10552483547793146,0.0,-50823.39298764061,-11668.338949112747,6.9296978709374155
-0.4500629213483143,-0.12518684659689105,0.0,-50100.77522942748,-13842.4560660238,8.383333686800318
-0.4478157303370783,-0.13439440796694513,0.0,-49850.61907034146,-14860.578144914414,9.415778119234572
-0.4395760299625465,-0.1386263620575603,3.4,-48933.37982035945,-15328.524749850172,6.944730252896074
-0.43258426966292146,-0.14708728367979956,10.7,-48155.060624056554,-16264.087978842299,8.372011303262575
-0.4191011235955055,-0.1647587532310834,45.1,-46654.12366954048,-18218.10526748289,8.024585765162103
-0.393632958801498,-0.16898921404220307,147.8,-43819.0205332324,-18685.88741875301,9.008991739760308
-0.3818981273408237,-0.15405641908590367,227.1,-42512.70507048524,-17034.697776594905,7.32141120904522
-0.3736584269662919,-0.13912362412960483,361.2,-41595.46582050322,-15383.509307036435,7.4798196705900635
-0.36491835205992496,-0.12419082917330543,495.9,-40622.52513243138,-13732.321896415935,11.057364280205828
-0.3561797752808988,-0.10552483547793146,637.0,-39649.75121513226,-11668.338949112747,7.598744641163225
-0.34893932584269627,-0.08810274360241732,777.8,-38843.748070557114,-9741.900962206402,7.53545400828408
-0.34777528089887644,-0.17133664940933352,367.0,-38714.1671801506,-18945.454544588756,8.00740917559522
-0.3446936329588014,-0.02339446321828592,496.2,-38371.11970065731,-2586.825901436949,9.027109455054614
-0.3364539325842696,-0.07316994864611848,809.8,-37453.880450675286,-8090.716312047379,8.750558849655778
-0.33245992509363265,-0.03583796125537053,722.4,-37009.26957059306,-3962.756874590598,10.664873913666058
-0.326167790262172,-0.16342674792098155,572.1,-36308.832325152245,-18070.819132798155,4.483719905211913
-0.3242202247191009,-0.028371563777220887,694.0,-36092.03032061104,-3137.1652485128943,9.046075340231642
-0.3242202247191009,-0.040816555093800555,746.8,-36092.03032061104,-4513.261407879224,8.30058888730055
-0.32072359550561785,-0.06072645060903381,808.6,-35702.78733707322,-6714.784573304725,9.22524138419979
-0.3184764044943818,-0.047037557472594804,798.0,-35452.631177987205,-5201.144446012211,8.63183640409894
-0.3124838951310861,-0.054503954950744504,823.6,-34785.5480870912,-6026.736269214318,8.63048890461588
-0.30431760299625454,-0.1563306837577484,785.8,-33876.48060497264,-17286.173880583414,-5.358382801761372
-0.3014981273408241,-0.055749350050099955,907.1,-33562.61801070609,-6164.44499503439,5.240748351269748
-0.28401947565543045,-0.05699325186995924,1033.3,-31616.90340533508,-6301.9886054203835,1.0919909673079482
-0.2819475655430711,-0.1571878261882399,962.5,-31386.2594266578,-17380.952143592862,0.045244269462117126
-0.264543820224719,-0.06072645060903381,954.6,-29448.883359923027,-6714.784573304725,-3.1573276058840714
-0.25891535580524294,-0.16326248717646213,1081.4,-28822.325566798896,-18052.656045127616,6.449269067811966
-0.24756554307116102,-0.06943674990704335,960.1,-27558.87019264188,-7677.920240967801,6.278786247121307
-0.2385767790262171,-0.16774531222234373,1207.6,-26558.24555629784,-18548.343274017814,11.05258291937172
-0.2358307116104867,-0.07565924556533321,926.6,-26252.554729894728,-8365.968751476537,9.94180658706007
-0.2295880149812735,-0.08810274360241732,1039.4,-25557.62091995383,-9741.900962206402,11.518637726674546
-0.22709063670411972,-0.11548052987529639,1184.7,-25279.61404182289,-12769.184723590684,11.29255365234887
-0.22559250936329578,-0.1714785109614183,1112.5,-25112.84326909889,-18961.140854111793,10.830654780632265
-0.22534382022471888,-0.13165722665145513,1126.2,-25085.159320826686,-14557.915476464288,11.445287168863754
-0.22534382022471888,-0.10054773491899704,1113.1,-25085.159320826686,-11117.998757138384,12.790968646305014
-0.21910112359550565,-0.028371563777220887,1222.2,-24390.225510885786,-3137.1652485128943,3.7726945371760574
-0.21485692883895102,-0.14410072468853924,1034.2,-23917.763911758644,-15933.850300673446,13.136705104677503
-0.20811535580524315,-0.16027891474419403,907.4,-23167.29543450062,-17722.748351452632,14.400480379469814
-0.2016224719101123,-0.040816555093800555,1246.0,-22444.510905514802,-4513.261407879224,8.812499526847288
-0.18988764044943823,-0.16027891474419403,983.0,-21138.19544276768,-17722.748351452632,13.938175440713668
-0.1853932584269664,-0.05699325186995924,1228.6,-20637.883124595675,-6301.9886054203835,14.608137529195336
-0.18239700374531825,-0.0388245202466303,1272.8,-20304.34157914764,-4292.993543321044,11.094689128915332
-0.17865168539325854,-0.16152281656405337,1081.4,-19887.41464733765,-17860.29244399241,13.492275751824529
-0.16541872659176,-0.07441534374547393,1255.5,-18414.328411866467,-8228.425089013783,16.250464848902414
-0.1629213483146068,-0.16152281656405337,1168.0,-18136.321533735587,-17860.29244399241,14.77716142219832
-0.16042397003745307,-0.15156712216668894,1165.2,-17858.314655604652,-16759.444580347255,12.698269070308294
-0.15168539325842711,-0.14161292104882006,1188.7,-16885.540738305557,-15658.762348293885,14.428743728428788
-0.15043745318352036,-0.08685884178255748,1211.0,-16746.62068462642,-9604.35725680974,17.292271962172304
-0.14544269662921339,-0.12045763043423086,1204.9,-16190.6069283646,-13319.525195901224,16.234688497816645
-0.1441947565543072,-0.09805843799978176,1265.5,-16051.686874685522,-10842.746134023668,15.984273765264847
-0.1441947565543072,-0.1640121134832686,1310.9,-16051.686874685522,-18135.545773722515,14.700985764050863
-0.1441947565543072,-0.07565924556533321,1268.6,-16051.686874685522,-8365.968751476537,15.365706735885336
-0.14294681647940038,-0.10303553855871672,1243.0,-15912.766821006378,-11393.086282952028,15.974787183292351
-0.13920149812734045,-0.05699325186995924,1360.0,-15495.839889196364,-6301.9886054203835,14.633712374325162
-0.13420674157303347,-0.040816555093800555,1488.6,-14939.826132934544,-4513.261407879224,18.248672920315382
-0.12796554307116076,-0.025883760137501155,1545.9,-14245.059093766333,-2862.07813139826,16.927765886860723
-0.12796554307116076,-0.16027891474419403,1350.9,-14245.059093766333,-17722.748351452632,15.40767166774684
-0.12172284644194786,-0.1067687372977913,1288.4,-13550.12528382547,-11805.882731236792,15.361391873055485
-0.11048689138576762,-0.1577896178249788,1350.9,-12299.344488395374,-17447.49507276296,14.943217570344638
-0.10299625468164819,-0.11548052987529639,1350.9,-11465.490624775395,-12769.184723590684,18.686130451066735
-0.09300823970037453,-0.1577896178249788,1340.5,-10353.629883024425,-17447.49507276296,16.22782591001016
-0.08551760299625455,-0.03210476251629546,1503.3,-9519.776019404382,-3549.961053916616,19.264732023721717
-0.08302172284644155,-0.1217015322540907,1394.4,-9241.93591204616,-13457.06905005879,15.046839195451788
-0.08052434456928836,-0.045793655652734966,1450.8,-8963.929033915285,-5063.60085734711,16.5685638400219
-0.06679101123595493,-0.15405641908590367,1410.6,-7435.141360354317,-17034.697776594905,16.960500535309677
-0.06679101123595493,-0.06445964934810894,1548.4,-7435.141360354317,-7127.580570074984,17.323692217096024
-0.06554307116104896,-0.08436954486334275,1567.6,-7296.221306675265,-9329.104741236202,20.94567252754384
-0.06179775280898875,-0.12419082917330543,1450.8,-6879.29437486522,-13732.321896415935,16.492198058436262
-0.05555505617977524,-0.09681453617992247,1526.1,-6184.360564924285,-10705.202389545588,17.85004740423691
-0.04556853932584232,-0.14907931852696976,1548.4,-5072.666593946029,-16484.356535021743,16.141800569581005
-0.041823220973782604,-0.10179163673885688,1485.3,-4655.7396621360385,-11255.542517356667,17.16843576597449
-0.041823220973782604,-0.1366343272103901,1522.2,-4655.7396621360385,-15108.256295207822,15.98138959013835
-0.033083146067415414,-0.1565457160051189,1494.1,-3682.798974064175,-17309.951005427265,17.818525213617644
-0.02309662921348299,-0.10303553855871672,1463.6,-2571.105003085973,-11393.086282952028,16.92726118548979
-0.019351310861423276,-0.16027891474419403,1426.4,-2154.1780712759833,-17722.748351452632,16.929021219668105
-0.016853932584269538,-0.028371563777220887,1417.3,-1876.1711931450463,-3137.1652485128943,18.872255530384603
-0.004370037453183373,-0.1702331158620629,1340.5,-486.47034403590715,-18823.431572411246,16.90441785784014
-0.004370037453183373,-0.03459405943551069,1394.1,-486.47034403590715,-3825.2133053366756,18.100509046971876
-0.003120599250936107,-0.1503232203468291,1428.0,-347.38351958407833,-16621.900553713458,16.59534065069743
-0.0006247191011236608,-0.1353904253905297,1514.5,-69.5434122259175,-14970.712359546229,18.152973780191623
0.0018726591760300781,-0.10428093365807212,1415.2,208.46346590501955,-11530.795172562926,17.65655478099209
0.003120599250936551,-0.04330435873352023,1367.0,347.3835195841278,-4788.348568863423,18.06398010799473
0.006865917602996263,-0.12045763043423086,1507.2,764.3104513941174,-13319.525195901224,17.091427356298052
0.012109363295880193,-0.1067687372977913,1446.9,1348.00815592814,-11805.882731236792,16.39580981524993
0.01285842696629258,-0.14459948004007983,1483.8,1431.3935422901875,-15988.999989852817,16.066198278600343
0.013857677902621601,-0.053260053130884666,1349.6,1542.629647697036,-5889.192664652067,20.654740540548683
0.015105617977528074,-0.0706821450063988,1384.7,1681.5497013761442,-7815.629006519528,18.29854963905328
0.015105617977528074,-0.08685884178255748,1411.8,1681.5497013761442,-9604.35725680974,16.24223544986307
0.030086891385768033,-0.13489316331848517,1521.9,3349.257428616226,-14915.727811040158,15.628475309853746
0.053059176029962796,-0.12419082917330543,1536.2,5906.520457566125,-13732.321896415935,15.864529724267289
0.06604194756554305,-0.042060456913659894,1363.1,7351.755973992325,-4650.8049872607435,16.521663307239642
0.07303370786516838,-0.0537573152029297,1394.8,8130.075170295244,-5944.177082461147,16.05762898596005
0.0745318352059926,-0.11597779194734092,1556.9,8296.845943019276,-12824.169230765247,17.70340147907955
0.098002996254682,-0.11672443169515573,1598.1,10909.643639286298,-12906.728552688286,15.986880021979971
0.10249737827715355,-0.05301067545511434,1406.6,11409.955957458273,-5861.617896730389,16.845059193892553
0.1194756554307117,-0.11075131371263619,1600.8,13299.969124739437,-12246.25403830717,17.506708148907556
0.12247191011235958,-0.058983793437634435,1442.6,13633.51067018744,-6522.09141200753,17.20798396765689
0.12422022471910099,-0.15803899550074907,1702.3,13828.132161956337,-17475.069934801475,16.45040705771461
0.13520599250936294,-0.09581851875633735,1556.9,15051.062238341443,-10595.068326529568,18.656801531979678
0.13620524344569307,-0.08312564304348291,1524.0,15162.298343748414,-9191.561049412789,18.641047768642967
0.1434456928838953,-0.0584865313655894,1469.1,15968.301488323532,-6467.1069892227,19.355197647743946
0.14619176029962544,-0.038327258174585266,1424.0,16273.992314726613,-4238.00913718246,19.074119744917702
0.14768988764044966,-0.1455940041841694,1661.1,16440.763087450647,-16098.969134217798,17.99935473438651
0.15143520599250937,-0.10826201679342146,1632.2,16857.690019260634,-11971.001324675028,17.048260641798755
0.16392059925093627,-0.12195090992986046,1697.4,18247.557639142487,-13484.643869130492,16.586675135162253
0.16891385767790246,-0.14907931852696976,1638.9,18803.404624631585,-16484.356535021743,17.060686671649474
0.17290936329588047,-0.16973585379001788,1627.0,19248.18227548656,-18768.446933679505,15.751946113702866
0.17590561797752835,-0.12892004533596563,1689.8,19581.723820934563,-14255.252841681884,17.293568638112642
0.18139775280898918,-0.023145085542516153,1425.5,20193.105473740783,-2559.2511432266797,18.240722367512927
0.189637453183521,-0.03285140226411076,1460.0,21110.344723722814,-3632.520216772662,18.012294438692795
0.19288389513108606,-0.14509674211212437,1640.4,21471.73698821568,-16043.98456142044,14.318635407868078
0.21785318352059913,-0.13265324407504026,1616.6,24251.305457206672,-14668.049678669222,16.558451336662777
0.2228464419475653,-0.15405641908590367,1606.3,24807.15244269577,-17034.697776594905,15.980045139727022
0.22958801498127346,-0.11971099068641605,1617.9,25557.620919953828,-13236.965862730172,18.49963686944845
0.23208539325842725,-0.02463836503814626,1442.6,25835.62779808477,-2724.3694566079853,21.54394810675832
0.23508164794007502,-0.08387228279129771,1559.6,26169.169343532758,-9274.120287671312,18.302436445894177
0.242572284644195,-0.10129437466681235,1589.5,27003.0232071528,-11200.558036339902,17.66999147068728
0.242572284644195,-0.16376273580749834,1565.1,27003.0232071528,-18107.970903502657,14.85856920493392
0.2468164794007489,-0.07167666915048831,1524.6,27475.484806279863,-7925.597879538998,19.51242491332169
0.25205992509363273,-0.044300376157104804,1485.3,28059.182510813873,-4898.482506798568,20.315864718993176
0.255805243445693,-0.17048249353783318,1548.4,28476.109442623925,-18851.006451835976,12.73394401299185
0.2590516853932586,-0.06271699217670901,1499.0,28837.50170711686,-6934.887395075152,19.375009004386662
0.26804044943820227,-0.05749051394200427,1479.8,29838.126343460866,-6356.973026741041,18.914313530238687
0.2742816479400749,-0.04902959231976506,1459.7,30532.893382629074,-5421.412335100417,16.956608764965914
0.2752808988764045,-0.04504701590492016,1441.4,30644.129488035986,-4981.04168164346,19.89815091064399
0.28701573033707883,-0.05649598979791476,1490.5,31950.444950783138,-6247.004184584247,15.235567459987116
0.287265917602996,-0.02911820352503569,1394.4,31978.295669828,-3219.7244084597005,18.681957486978416
0.3059925093632956,-0.06844222576295383,1485.3,34062.930328878065,-7567.951373277547,14.19501381236702
0.3194756554307113,-0.16152281656405337,1507.2,35563.86728339411,-17860.29244399241,11.444866769695134
0.3212239700374532,-0.14907931852696976,1503.3,35758.48877516305,-16484.356535021743,11.728444381774166
0.32446891385767807,-0.13912362412960483,1474.3,36119.71426888327,-15383.509307036435,12.60626284579864
0.3257183520599253,-0.0714287847542136,1433.5,36258.80109333509,-7898.188220273607,11.460309425039787
0.32871460674157316,-0.13414652357067036,1438.6,36592.3426387831,-14833.168431035152,13.300125483021382
0.3379520599250938,-0.07217542450202896,1428.0,37620.65122339932,-7980.7474353822745,10.140554895780802
0.3394501872659179,-0.13339988382285556,1482.2,37787.42199612334,-14750.60905358295,10.556982239476582
0.3516853932584266,-0.1296666850837805,1471.6,39149.43889696022,-14337.812204116753,11.69786650689516
0.3581767790262176,-0.11348849502812619,1429.5,39872.05665517341,-12548.916467340694,9.320490999032696
0.3584269662921348,-0.07540986788956344,1424.3,39899.90737421827,-8338.393971289377,11.504428362186742
0.3604239700374531,-0.1256841086689356,1449.3,40122.21281425937,-13897.440593065072,10.57989275271099
0.3621722846441945,-0.09183594234149245,1450.8,40316.83430602826,-10154.697225082971,10.162467270978283
0.37365842696629237,-0.1224481720019055,1441.4,41595.46582050327,-13539.6283893709,10.457778955900014
0.39637902621722865,-0.11697380937092655,1395.4,44124.71135963553,-12934.303366703372,9.369307365813281
0.418602247191011,-0.111497953460451,1385.0,46598.58900222338,-12328.813345079165,9.453790439795023
0.44107415730337096,-0.10602209754997649,1352.1,49100.150593083505,-11723.323437574372,8.851052373847269
0.4558052434456926,-0.1714785109614183,1299.0,50740.0076012786,-18961.140854111793,8.157082372844384
0.4727835205992509,-0.1640121134832686,1276.5,52630.02076855977,-18135.545773722515,7.00674853817855
0.4897632958801499,-0.15405641908590367,1276.5,54520.200706613665,-17034.697776594905,5.89963167861701
-0.48826516853932567,0.08735759713409752,514.5,-54353.42993388963,9659.50683320717,5.810470530686515
-0.46953857677902605,0.08885087662972768,628.5,-52268.79527483957,9824.62532987011,7.6463276913174285
-0.45330786516853916,0.09507187900852199,758.0,-50462.00072314769,10512.509061030236,7.6394989873791745
-0.44407041198501856,0.08213111889939273,899.5,-49433.69213853148,9081.592146505722,8.868012281695334
-0.4323340823970035,0.09357859951289182,982.7,-48127.20990501161,10347.3905354434,7.965804061096301
-0.42084943820224685,0.07640588531314796,498.0,-46848.74516130937,8448.527974557857,9.267624877389183
-0.39238501872659154,0.06669956859155335,518.8,-43680.100479553286,7375.2581827417,8.172713823384147
-0.36991310861423193,0.06371300960029358,616.6,-41178.5388886932,7045.02136832478,12.06911901140334
-0.34794007490636697,0.061971845708389206,731.8,-38732.51196515023,6852.493314527609,12.75980662783548
-0.3279655430711609,0.06271848545620395,785.8,-36508.95725242106,6935.052513473889,12.443250155778925
-0.3229707865168539,-0.002239172603697215,765.7,-35952.94349615924,-247.59488915811497,10.56371464443396
-0.32197303370786484,-0.01966126447921135,510.5,-35841.874161525026,-2174.030124762351,11.192388133830894
-0.3164794007490638,0.01144822725324679,887.6,-35230.32573794614,1265.879446505215,11.391477444269574
-0.3124838951310861,0.03135961604797566,869.3,-34785.5480870912,3467.567009995503,10.081053037783368
-0.31023670411985005,0.006471126694312379,847.3,-34535.391928005185,715.5401495146197,10.307369521313476
-0.3094876404494379,-0.01095096518120231,554.1,-34452.00654164316,-1210.8950519293703,10.752700313606754
-0.3092389513108612,0.06221973010466397,852.2,-34424.32259337099,6879.902968446604,12.758357253209914
-0.3014981273408241,0.050025609743349575,874.8,-33562.61801070609,5531.546282120723,12.254458382479765
-0.29900074906367036,-0.0009952707838373764,598.0,-33284.611132575155,-110.0513461742823,10.53706764128221
-0.2965048689138574,0.06893948783499826,941.2,-33006.77102521694,7622.935806833085,13.960313459078513
-0.29201048689138553,0.09482399461224722,1092.7,-32506.458707044927,10485.099385286265,12.99742980126372
-0.28751610486891344,0.06371300960029358,975.4,-32006.146388872887,7045.02136832478,14.41300551949568
-0.2852689138576777,-0.0072177664421271825,806.8,-31755.99022978691,-798.0992995267117,11.086736082812576
-0.2845198501872656,0.07864580455659298,1019.5,-31672.60484342489,8696.205652579783,13.742815299109472
-0.2780269662921347,0.0925840753688022,1110.4,-30949.820314439068,10237.42160136208,16.469761002808955
-0.2627970037453181,-0.012194867001061649,918.7,-29254.42863892682,-1348.4385977004147,8.524262161777237
-0.2563041198501872,0.08685884178255743,1155.8,-28531.644109940997,9604.35725681112,16.310010355629757
-0.2440704119850185,-0.022150561398426583,1041.8,-27169.793979876755,-2449.2823474995453,2.6386647888097046
-0.23508164794007458,0.09233469769303249,1173.8,-26169.16934353271,10209.846809072773,14.68433423733286
-0.22359550561797747,0.07516198349328862,989.4,-24890.537829057794,8310.984309705253,15.204288128278591
-0.21385767790262172,0.06719832394309389,916.8,-23806.527806351765,7430.407732704126,13.853510764610514
-0.21235955056179778,0.08860149895395786,1149.1,-23639.75703362776,9797.050540460474,16.529421526014584
-0.2063670411985018,0.05077224949116488,990.0,-22972.67394273173,5614.10546390137,15.448061037405756
-0.20037453183520604,0.036833978678955104,1071.7,-22305.59085183572,4072.8908023555896,13.172018632532696
-0.1978771535580523,0.023643840894056134,1077.8,-22027.583973704783,2614.400659696227,12.921947051468184
-0.1971280898876402,0.002737927955237196,1174.4,-21944.19858734277,302.7444010191633,9.619900461917487
-0.19013782771535565,0.09308133744084723,1186.0,-21166.04616181257,10292.406068010469,18.059577660649627
-0.1851430711610484,-0.012194867001061649,1292.6,-20610.03240555072,-1348.4385977004147,9.952201423331152
-0.1699131086142321,0.0973117982519669,1208.8,-18914.6407300385,10760.186863013054,16.098641844591842
-0.15792808988764034,0.12220028760563073,1335.0,-17580.47454824646,13512.218688462464,16.17606346753398
-0.14569288389513113,0.10129437466681179,1257.9,-16218.457647409525,11200.558036340854,18.313777542188625
-0.1367041198501872,0.04006991534598514,1261.9,-15217.83301106548,4430.702237622079,17.484525469234807
-0.13420674157303347,0.12220028760563073,1345.7,-14939.826132934544,13512.218688462464,15.804914463218699
-0.13046142322097376,0.023893218569826402,1332.6,-14522.899201124557,2641.975418005242,17.182473471857104
-0.12921348314606723,0.05126951156320991,1246.0,-14383.979147445441,5669.0898795044895,17.930150591880757
-0.1267161048689135,0.06744620833936865,1214.0,-14105.972269314503,7457.817389484686,18.010815848198593
-0.12297078651685378,0.01144822725324679,1409.7,-13689.045337504513,1265.879446505215,17.30076268386586
-0.12172284644194786,-0.014684163920276883,1543.2,-13550.12528382547,-1623.6908095433153,16.81243994229724
-0.12172284644194786,0.07864580455659298,1198.5,-13550.12528382547,8696.205652579783,16.333189708120283
-0.12047490636704083,0.10975678956854662,1261.6,-13411.205230146297,12136.28504495755,14.499973828136998
-0.11922546816479407,0.096067896432107,1152.7,-13272.118405694526,10622.643121612602,18.21906926471893
-0.11548014981273386,-0.004728469522911949,1516.1,-12855.19147388448,-522.8470938426386,17.18749942093603
-0.11298426966292141,-0.0009952707838373764,1488.9,-12577.351366526318,-110.0513461742823,18.51936859983291
-0.10549363295880143,0.02016001983075133,1416.4,-11743.497502906277,2229.179639948035,16.2204708475769
-0.10424419475655416,0.1035342939102567,1180.8,-11604.410678454447,11448.23588556792,18.860718542422223
-0.09800299625468145,0.11348998830762114,1224.4,-10909.643639286236,12549.081585968674,19.80256682166299
-0.09550561797752827,-0.017171967559996615,1625.2,-10631.63676115536,-1898.777906184711,17.187692963657312
-0.08676704119850182,0.08486830021488279,1258.8,-9658.862843856212,9384.254313996411,17.463801643649603
-0.08551760299625455,0.11971099068641544,1253.9,-9519.776019404382,13236.96586273072,18.475963300061757
-0.08302172284644155,0.032603517867835996,1433.2,-9241.93591204616,3605.1105746357307,19.051947448109892
-0.07553108614232212,0.07864580455659298,1299.0,-8408.08204842618,8696.205652579783,18.32846528686249
-0.06429513108614193,0.04753631282413484,1456.9,-7157.301252996095,5256.293976854615,23.224810731675728
-0.06179775280898875,0.05997981086121895,1386.8,-6879.29437486522,6632.225377474484,21.774414690615192
-0.044319101123595606,0.057492007221499275,1455.1,-4933.579769494261,6357.1381451235375,22.484130884949074
-0.039325842696629365,0.050025609743349575,1518.8,-4377.732784005158,5531.546282120723,23.834571679757392
-0.03807790262172289,0.06620230651950876,1478.3,-4238.812730326049,7320.2737517572195,20.465754675084515
-0.03558052434456915,0.03758061842676985,1595.6,-3960.8058521951116,4155.4499694113765,22.02182928531651
-0.033083146067415414,0.06993550525858394,1477.0,-3682.798974064175,7733.069794114068,19.784404608754063
-0.029337827715355702,-0.009705570081846915,1477.4,-3265.8720422541855,-1073.18638843545,17.41278414389469
-0.02559250936329599,0.022647823470471007,1589.5,-2848.9451104441955,2504.266745270082,19.734969545830886
-0.02559250936329599,0.006471126694312379,1524.0,-2848.9451104441955,715.5401495146197,18.831744259285607
-0.02559250936329599,0.07864580455659298,1477.0,-2848.9451104441955,8696.205652579783,18.551006610348896
-0.02434456928838946,0.04255921226520043,1560.6,-2710.0250567650814,4705.9545143071955,20.938600052465958
-0.021847191011235723,0.08611220203474257,1461.5,-2432.018178634144,9521.79801208117,18.77228490917352
-0.014356554307115799,0.0973117982519669,1447.8,-1598.164315014109,10760.186863013054,18.614972384209935
-0.011860674157303297,0.036336716606910624,1608.7,-1320.3242076559422,4017.906397485891,19.53906324542602
-0.0018726591760301337,0.0973117982519669,1454.5,-208.46346590502574,10760.186863013054,18.22259908511211
0.00561797752808979,0.10851139446919122,1443.8,625.3903977150092,11998.576130578254,16.78511548516086
0.006865917602996263,0.032603517867835996,1518.8,764.3104513941174,3605.1105746357307,19.399732144776706
0.02059925093632975,0.03135961604797566,1482.5,2293.0981249550914,3467.567009995503,17.468188657279352
0.033083146067415914,0.032603517867835996,1438.6,3682.79897406423,3605.1105746357307,16.876733717454886
0.04307116104868902,0.03509281478705073,1401.5,4794.659715815141,3880.3628274799694,19.467765715444568
0.04307116104868902,0.04753631282413484,1401.5,4794.659715815141,5256.293976854615,16.704532425970076
0.051809737827715474,0.05375880848242465,1401.5,5767.43363311429,5944.342200835604,18.220948022379197
0.051809737827715474,0.008711045937757289,1363.1,5767.43363311429,963.2175999770539,16.642645349378846
0.055555056179775186,0.033847419687695335,1383.2,6184.36056492428,3742.654140999565,19.81491148653578
0.05580524344569293,-0.010204325433387507,1345.7,6212.2112839692045,-1128.3359010903598,16.66572991190954
0.06304569288389517,0.06495840469964898,1445.3,7018.21442854432,7182.730117526337,17.900307935088865
0.07553108614232207,0.06993550525858394,1410.6,8408.082048426175,7733.069794114068,17.93300581390473
0.07802696629213512,0.04006991534598514,1348.1,8685.922155784403,4430.702237622079,18.862032513890405
0.07927640449438234,0.021154543974840845,1321.9,8825.008980236227,2339.1484342112676,19.337264513225563
0.09425767790262174,0.04629241100427495,1329.8,10492.716707476246,5118.750387201959,17.839728691360353
0.09550561797752821,0.006221749018542,1304.5,10631.636761155354,687.9653934408303,17.878956779510982
0.10798951310861438,0.05375880848242465,1315.2,12021.337610264494,5944.342200835604,18.895288599553414
0.11997453183520645,0.0004980087117928411,1320.4,13355.503792056572,55.0669526600636,16.161257661491085
0.12297078651685434,0.06122520596057435,1295.4,13689.045337504576,6769.934116762743,17.258857477154613
0.13795205992509363,0.07366870399765846,1280.8,15356.753064744584,8145.865869740465,16.537145749153872
0.14219775280898883,-0.004728469522911949,1332.6,15829.381434644425,-522.8470938426386,15.93377201827914
0.1541827715355808,0.07989119965594838,1271.0,17163.547616436488,8833.914447361554,17.1701202331613
0.1649183520599251,-0.010701587505431986,1367.0,18358.626973776685,-1183.3202955265128,17.00304311915585
0.17290936329588047,0.08860149895395786,1261.2,19248.18227548656,9797.050540460474,16.331313244393687
0.18539325842696608,0.09980109517118219,1258.8,20637.88312459564,11035.439479851311,16.63777221777666
0.18789063670411987,0.11224459320826574,1253.9,20915.89000272658,12411.372653973542,17.012664921909092
0.19538127340823974,0.12468958452484546,1263.4,21749.74386634661,13787.471540039538,17.2185935328384
0.3019970037453187,-0.014684163920276883,1367.0,33618.1526780232,-1623.6908095433153,14.04383398074812
0.3182277153558054,-0.002985812351512518,1336.5,35424.947229715064,-330.15403865813073,13.144326473169777
0.3364539325842696,0.007217766442127127,1308.5,37453.880450675286,798.0992995266392,12.376607652370797
0.3561797752808987,0.012444244676831917,1272.5,39649.75121513226,1376.0133542512535,10.719891734361473
0.37540524344569304,0.018914624731395935,1247.5,41789.92054149945,2091.4709706088615,10.391898546125908
0.3943820224719098,0.026630399885315903,1215.2,43902.40591959437,2944.6372895994054,10.269501313529135
0.4146067415730337,0.02986633655234605,1181.1,46153.81135136847,3302.4486872784746,9.516171037647876
0.4350816479400752,0.031607500444250314,1150.3,48433.06750218749,3494.9766517946914,9.74104492523882
0.4558052434456926,0.028870319128760924,1128.7,50740.0076012786,3192.3147672966165,7.628173277971463
0.47178576779026205,0.026630399885315903,1109.5,52518.951433925584,2944.6372895994054,6.687149179154215
0.4917602996254682,0.03359953529142057,1099.4,54742.506146654756,3715.244498582653,6.001070342183358
-0.39138576779026224,0.2677950384295479,1255.2,-43568.864374146404,29611.351698538285,11.071846325206858
-0.3863925093632955,0.25659544221232355,1251.2,-43013.017388657245,28372.95131486281,9.973387049462938
-0.3789018726591758,0.24912904473417385,1264.9,-42179.163525037235,27547.351672381974,11.825369189058614
-0.36891385767790263,0.2429065490758835,1216.4,-41067.302783286315,26859.297293116575,12.831324595677604
-0.3651685393258427,0.23419624977787445,1267.3,-40650.3758514763,25896.153795408645,11.591517350660304
-0.34644194756554303,0.22797375411958465,1263.4,-38565.741192426234,25208.10017276511,11.149066422384209
-0.33270861423220965,0.21677415790236043,1284.4,-37036.953518865266,23969.703477462714,11.290188672983843
-0.31772734082397,0.1856646661699023,1204.9,-35369.245791625224,20529.772417556447,13.15861913491425
-0.3164794007490638,0.20308675804541643,1282.0,-35230.32573794614,22456.218851685506,12.712404734251797
-0.3014981273408241,0.18193146743082766,1269.2,-33562.61801070609,20116.97451802624,13.851715411771483
-0.28027415730337074,0.1757089717725373,1218.0,-31199.97647352509,19428.923170567563,14.526352420870605
-0.2615475655430711,0.16699867247452838,1166.5,-29115.34181447502,18465.783767631605,14.827181149557235
-0.2428209737827715,0.1570429780771634,1218.0,-27030.707155424956,17364.935607581698,15.145053124469593
-0.2215985018726589,0.14708877695929456,1270.1,-24668.232389016666,16264.253097693645,16.78331154434767
-0.20411985018726603,0.13339988382285495,1308.5,-22722.51778364574,14750.609053583636,15.767720599686061
-0.1846441947565543,0.27600807565551233,1102.1,-20554.49773823366,30519.512705898538,16.180933954603088
-0.18039999999999967,0.12717738816456514,1318.9,-20082.036139106516,14062.559299280952,17.51550073866341
-0.1744074906367039,0.27103097509657736,1105.5,-19414.953048210507,29969.167060778076,15.792303812741816
-0.16741573033707863,0.2643112173662431,1104.6,-18636.633851907598,29226.126498577214,18.58133974973355
-0.1629213483146068,0.25933262352781306,1101.8,-18136.321533735587,28675.61626535683,16.895115707914734
-0.16167340823970006,0.193131063648052,1197.9,-17997.40148005645,21355.36848336354,16.552690378590512
-0.16042397003745307,0.18068756561096733,1229.9,-17858.314655604652,19979.430277214495,15.07289292521244
-0.16042397003745307,0.20184136294606103,1173.5,-17858.314655604652,22318.509319175326,17.802615526782226
-0.15842696629213499,0.26729777635750285,1090.3,-17636.009215563583,29556.3666975334,15.958678027451082
-0.15792808988764034,0.21304095916328525,1146.6,-17580.47454824646,23556.904787645002,15.800933489358886
-0.15792808988764034,0.1682425742943876,1269.8,-17580.47454824646,18603.327907041,16.480935497735114
-0.15717902621722823,0.2603286409513982,1092.4,-17497.089161884443,28785.751318317696,18.25305074129131
-0.15717902621722823,0.25360888322106323,1100.9,-17497.089161884443,28042.711400074182,15.755366383691126
-0.15667865168539308,0.15579907625730405,1283.2,-17441.38772379463,17227.391545217975,16.019885568398536
-0.1529333333333331,0.14833267877915435,1281.7,-17024.46079198461,16401.79710381864,17.725456987753866
-0.1529333333333331,0.24788514291431407,1100.6,-17024.46079198461,27409.806818397024,16.294024882448173
-0.1529333333333331,0.22424055538050958,1133.8,-17024.46079198461,24795.301168246337,16.29679026156944
-0.1529333333333331,0.23419624977787445,1113.4,-17024.46079198461,25896.153795408645,16.10120541246682
-0.14694082397003733,0.2531116211490182,1093.6,-16357.377701088602,27987.726461783735,17.17951928246966
-0.14669213483146037,0.13962237948114486,1300.6,-16329.6937528164,15438.658984195501,17.110326202847617
-0.1377033707865168,0.25460490064464836,1087.5,-15329.069116472392,28152.846403029213,15.952951584306836
-0.13171086142322103,0.12717738816456514,1342.9,-14661.986025576383,14062.559299280952,18.056325726294233
-0.1302127340823968,0.258338099383723,1083.2,-14495.215252852351,28565.646341176765,16.94846476530326
-0.11697827715355802,0.2667990210059622,1084.2,-13021.962246608506,29501.216578671992,17.88404040260912
-0.11123595505618,0.26953769560094776,1091.2,-12382.729874757422,29804.046900107223,18.93703381510637
-0.10424419475655416,0.27127885949285213,1085.1,-11604.410678454447,29996.577009442135,17.15522596497788
-0.0962546816479401,0.2725242545922075,1092.4,-10715.022147517346,30134.28724207865,15.803038108102905
-0.08801498127340829,0.27302151666425256,1097.0,-9797.78289753532,30189.27226705071,18.08655503049809
-0.07178576779026191,0.13713308256193013,1318.9,-7991.155116616135,15163.405966512808,17.690560175738405
-0.06304569288389522,0.14708877695929456,1353.6,-7018.214428544327,16264.253097693645,17.52585976568186
-0.05555505617977524,0.1570429780771634,1389.9,-6184.360564924285,17364.935607581698,17.467525373719216
-0.05430711610486877,0.1719757730334628,1364.3,-6045.440511245178,19016.125497898352,18.654091543925638
-0.046816479400749345,0.1794421705116125,1376.8,-5211.586647625199,19841.72092682506,16.933200181366985
-0.033083146067415414,0.1856646661699023,1422.8,-3682.798974064175,20529.772417556447,18.683616559834842
-0.013108614232209825,0.18815396308911703,1458.5,-1459.2442613350565,20805.02610593498,18.02187860440429
0.0006247191011236053,0.1844207643500424,1470.6,69.54341222591133,20392.22814770783,16.910618786207447
0.011860674157303297,0.1794421705116125,1407.2,1320.3242076559422,19841.72092682506,17.457493681021546
0.014356554307116243,0.12717738816456514,1481.0,1598.1643150141585,14062.559299280952,18.000855433046247
0.021847191011236222,0.13837698438178936,1473.1,2432.0181786341996,15300.949912300543,16.384529680253333
0.028089887640449174,0.14584338185993906,1479.5,3126.951988575071,16126.543980497463,15.973720745817781
0.036828464419475626,0.1794421705116125,1402.1,4099.72590587422,19841.72092682506,17.974672435596016
0.03807790262172284,0.1981081642069864,1336.5,4238.8127303260435,21905.71102409492,16.232994686828746
0.03807790262172284,0.15828837317651878,1467.6,4238.8127303260435,17502.644797177225,15.528682544122544
0.03807790262172284,0.27401753408783713,1164.3,4238.8127303260435,30299.40744412259,16.532327218735972
0.041823220973783104,0.2578393440321829,1190.8,4655.739662136095,28510.496262366367,15.80052744117292
0.044319101123595495,0.18939786490897692,1380.4,4933.579769494249,20942.570405409377,17.75565701605773
0.045568539325842816,0.16699867247452838,1443.8,5072.666593946084,18465.783767631605,15.447400978829608
0.053059176029962796,0.17446506995267808,1431.0,5906.520457566125,19291.37897683493,17.533855027722243
0.05430711610486871,0.2441519441752389,1224.4,6045.440511245171,26997.007214914473,17.641878951416068
0.05680449438202251,0.1981081642069864,1321.9,6323.447389376115,21905.71102409492,15.42351301802889
0.05805243445692898,0.183175369250687,1419.7,6462.367443055223,20254.518768447102,16.532994336903517
0.059300374531835454,0.2553515403924632,1222.2,6601.287496734331,28235.40638091252,18.111206074939975
0.060549812734082664,0.23046305103879994,1260.6,6740.374321186155,25483.354609135877,15.839775364142271
0.06179775280898869,0.21801955300171527,1288.7,6879.294374865212,24107.413143236987,18.629694815030007
0.07053632958801515,0.1794421705116125,1496.9,7852.068292164363,19841.72092682506,18.138042711010268
0.07053632958801515,0.18815396308911703,1470.6,7852.068292164363,20805.02610593498,15.360111332176743
0.08177228464419484,0.1794421705116125,1551.1,9102.849087594393,19841.72092682506,16.80466660866922
0.08302172284644205,0.1918871618281921,1494.1,9241.935912046214,21217.824153670706,18.16454267904427
0.09051235955056203,0.1981081642069864,1461.5,10075.789775666257,21905.71102409492,16.72514899389806
0.09675355805243468,0.1757089717725373,1616.9,10770.556814834463,19428.923170567563,16.114017258861576
0.09675355805243468,0.21055315552356613,1409.7,10770.556814834463,23281.815797133073,13.822819485307424
0.10424419475655466,0.22050735664143495,1474.3,11604.410678454504,24382.502270404915,16.810205250976285
0.1067415730337079,0.23295234795801467,1367.0,11882.417556585386,25758.609094253872,17.864483121324476
0.1129842696629213,0.1707318712136029,1613.0,12577.351366526307,18878.58133162322,16.18050260416471
0.11672958801498157,0.23768007084117881,1328.0,12994.278298336358,26281.37809649979,17.042047550434027
0.11872659176029943,0.2503729465540332,1217.7,13216.583738377403,27684.89653952513,16.94752552095884
0.124468913857678,0.2531116211490182,1213.1,13855.816110228547,27987.726461783735,17.12494875056582
0.1302127340823973,0.2595820012035833,1216.1,14495.215252852406,28703.191307776833,15.248034342423516
0.13171086142322097,0.23295234795801467,1349.6,14661.986025576378,25758.609094253872,18.53915313861153
0.13171086142322097,0.1682425742943876,1642.2,14661.986025576378,18603.327907041,16.185508494448865
0.13495580524344575,0.2658044968618727,1206.7,15023.211519296581,29391.246587939764,16.39220732026849
0.13670411985018716,0.27476417383565255,1195.4,15217.833011065475,30381.967552958435,15.160600138543987
0.14918801498127332,0.1694879693937431,1541.4,16607.533860174615,18741.037174366378,16.661664938770226
0.1541827715355808,0.23170695285865928,1314.3,17163.547616436488,25620.899285734944,16.858955027540674
0.1629213483146067,0.18068756561096733,1447.8,18136.321533735576,19979.430277214495,18.629690196932536
0.1741573033707864,0.23046305103879994,1304.5,19387.10232916561,25483.354609135877,15.978710466369456
0.1741573033707864,0.1707318712136029,1376.8,19387.10232916561,18878.58133162322,14.899559542345637
0.17540524344569286,0.14833267877915435,1327.4,19526.022382844716,16401.79710381864,16.823124900900314
0.17540524344569286,0.193131063648052,1460.6,19526.022382844716,21355.36848336354,16.272714020079572
0.17665468164794018,0.22050735664143495,1396.3,19665.10920729655,24382.502270404915,16.49974192626553
0.17915056179775313,0.20930776042421073,1416.1,19942.94931465477,23144.1061991748,15.976729111471544
0.18289588014981284,0.18690856798976163,1368.5,20359.876246464755,20667.316697209826,16.077061829164453
0.18539325842696608,0.19935355930634135,1413.6,20637.88312459564,22043.420524769786,15.561038993937355
0.19538127340823974,0.13837698438178936,1261.9,21749.74386634661,15300.949912300543,16.351224439895002
0.19912659176029945,0.1781982686917526,1320.7,22166.6707981566,19704.17670504438,17.655281769580633
0.20037453183520604,0.21428635426264064,1321.6,22305.59085183572,23694.614419215017,15.81336890534796
0.2103625468164797,0.17446506995267808,1278.0,23417.451593586695,19291.37897683493,17.258974611167574
0.21660374531835236,0.22672985229972475,1249.1,24112.2186327549,25070.55553250007,15.734575586672804
0.22409438202247178,0.1757089717725373,1250.3,24946.07249637488,19428.923170567563,16.482928839854747
0.234082397003745,0.23917335033680898,1222.2,26057.933238125803,26446.49784413553,14.819570804572042
0.234082397003745,0.17322116813281818,1233.8,26057.933238125803,19153.834792318172,17.049297232302603
0.24282097378277145,0.17322116813281818,1214.0,27030.707155424952,19153.834792318172,16.002875233450712
0.25655430711610483,0.23917335033680898,1202.4,28559.494828985913,26446.49784413553,15.751602237713344
0.2665423220973786,0.23917335033680898,1207.6,29671.355570736898,26446.49784413553,14.310498036458966
0.2790262172284642,0.23792944851694964,1197.9,31061.056419845976,26308.953093093758,13.586110364420211
0.2865168539325842,0.2366855466970892,1208.5,31894.910283466015,26171.408354618092,14.836071000522013
0.30025018726591757,0.23419624977787445,1201.2,33423.697957026976,25896.153795408645,15.132269803526468
0.3202247191011237,0.23544015159773435,1203.9,35647.252669756155,26033.698508932994,12.443915072906162
0.34019925093632974,0.23792944851694964,1187.2,37870.80738248532,26308.953093093758,12.253628238278448
0.35642996254681647,0.24166264725602415,1150.3,39677.601934177175,26721.75250396646,12.552036178363213
0.37265917602996235,0.2516183416533886,1148.2,41484.229715096306,27822.606539804176,10.107587038168157
0.3863925093632957,0.266551136609688,1145.4,43013.01738865727,29473.806640200288,10.143477863136185
0.4013737827715357,0.2752614359076976,1143.9,44680.72511589735,30436.952588343927,10.271731035773048
0.4425722846441946,0.2690389402494072,1196.3,49266.92136580747,29748.89677102046,8.627682485843554
0.45255880149812755,0.2677950384295479,1191.1,50378.61533678573,29611.351698538285,7.906094106332048
0.46379475655430724,0.2653057415103326,1185.7,51629.39613221576,29336.09647584714,7.47544011623636
0.4750307116104868,0.2677950384295479,1181.1,52880.17692764578,29611.351698538285,6.507882329941476
0.48501872659176004,0.2690389402494072,1173.5,53992.037669396705,29748.89677102046,6.320160172872966
0.4862666666666665,0.2441519441752389,1177.7,54130.95772307581,26997.007214914473,7.5853041202226645
0.48751610486891384,0.25410614529310827,1175.9,54270.04454752765,28097.69634050421,5.437740643446284
0.4887640449438203,0.2640618396904727,1169.8,54408.96460120676,29198.55144561716,5.9067488187513
0.4887640449438203,0.23792944851694964,1173.5,54408.96460120676,26308.953093093758,6.767858551968623
0.4987520599250934,0.23419624977787445,1178.0,55520.82534295766,25896.153795408645,5.936912271754365
0.5,0.2677950384295479,1168.3,55659.74539663678,29611.351698538285,5.520298839226576
-0.5,0.38352419934086623,1307.3,-55659.74539663678,42408.23153697548,6.914906684252441
-0.48751610486891356,0.38103490242165095,1435.0,-54270.044547527614,42132.973124090604,4.624311214862991
-0.47253483146067393,0.39347989373823067,1354.8,-52602.336820287564,43509.10088277185,4.971737515136323
-0.4662921348314607,0.399700896117025,1275.3,-51907.403010346665,44197.000415718794,7.726137726453674
-0.4662921348314607,0.41463369107332426,1145.4,-51907.403010346665,45848.22566108926,5.735221078575177
-0.45255880149812705,0.4071672935951747,1242.0,-50378.615336785675,45022.61265099605,9.270816294985693
-0.4513108614232211,0.41587908617267977,1296.6,-50239.69528310663,45985.93798756953,6.159270848722587
-0.44007490636704116,0.39347989373823067,1369.8,-48988.91448767657,43509.10088277185,8.562056226373032
-0.4388269662921347,0.37481390004285664,1368.2,-48849.99443399746,41445.07512615836,8.771652737288546
-0.4375775280898874,0.42458938547068925,1304.5,-48710.90760954563,46949.099278672154,5.811332007466233
-0.4313363295880147,0.35490251124812733,1416.1,-48016.14057037742,39243.34247945568,12.13029788015719
-0.42259625468164774,0.3362365175527533,1340.5,-47043.19988230558,37179.325691089376,13.657956864844833
-0.41011235955056186,0.32379301951566974,1295.4,-45653.49903319647,35803.37177450535,16.686594360705037
-0.4038696629213481,0.2939274296030715,1264.9,-44958.565223255515,32500.957135537967,11.882655063580149
-0.40262172284644193,0.31010412637923024,1271.3,-44819.64516957643,34289.70885585982,13.555892681597284
-0.40012434456928814,0.2789946346467721,1270.4,-44541.638291445495,30849.753228780482,12.558660742247692
-0.24931385767790237,0.4216028264794289,1093.9,-27753.49168441077,46618.85355637729,9.883152210485134
-0.2423220973782771,0.4166257259204945,1094.2,-26975.172488107855,46068.499344934724,9.660050602009127
-0.2348314606741574,0.3347432380571237,1086.3,-26141.31862448785,37014.20452371507,18.889082277547633
-0.23433258426966275,0.4131404115776942,1093.0,-26085.783957170726,45683.10299640339,8.90404771776677
-0.23308314606741548,0.33822855239992355,1096.4,-25946.697132718895,37399.597368229384,19.420055311344004
-0.22584269662921352,0.4091593284423448,1091.8,-25140.69398814381,45242.88612571756,10.364039667232941
-0.22334531835205979,0.33449535366084904,1097.6,-24862.687110012874,36986.79441240061,18.687987970849292
-0.21835205992509354,0.39074121914324567,1091.8,-24306.84012452377,43206.266736133985,10.340836591203924
-0.2178531835205989,0.3611250069064177,1091.2,-24251.305457206647,39931.40404314314,14.599124228608543
-0.21710411985018707,0.38327482166509597,1090.6,-24167.920070844662,42380.656155432036,11.27118381506549
-0.21660374531835191,0.33026339957023376,1090.9,-24112.218632754848,36518.84117401631,19.460343348167477
-0.21660374531835191,0.32030919845236494,1110.1,-24112.218632754848,35418.144616390644,20.89516269443288
-0.21610486891385777,0.37431514469131666,1098.5,-24056.68396543778,41389.92442007658,14.460996896900763
-0.21610486891385777,0.4041807346039148,1089.6,-24056.68396543778,44692.36766470228,11.425244826319087
-0.21610486891385777,0.41289252718141944,1090.6,-24056.68396543778,45655.692637111126,8.693808766615259
-0.21610486891385777,0.4211055644073839,1090.9,-24056.68396543778,46563.86765610477,9.828430614558023
-0.21485692883895102,0.31284280097421524,1107.3,-23917.763911758644,34592.54035057919,18.48168806278188
-0.21360749063670403,0.36684874721316696,1089.6,-23778.677087306845,40564.315425181,14.824170824124153
-0.21136029962546798,0.3056242878923403,1107.6,-23528.520928220827,33794.34671253675,17.904278561999693
-0.21136029962546798,0.332255434417404,1093.0,-23528.520928220827,36739.112715398034,19.733767225162385
-0.21086142322097384,0.35291196968045313,1093.3,-23472.98626090376,39023.235531983664,15.357720806703691
-0.21086142322097384,0.3369831573005687,1091.5,-23472.98626090376,37261.88628436761,19.4089330942083
-0.2103625468164792,0.34420167038244365,1093.6,-23417.451593586637,38060.08243297637,17.586193848058915
-0.20986217228464404,0.3011444494054504,1108.9,-23361.750155496822,33298.98477857967,17.34671852931199
-0.20287191011235928,0.294424691675116,1096.1,-22583.597729966605,32555.942263494664,19.27828893518451
-0.19837752808988746,0.2891982134404113,1095.4,-22083.285411794594,31978.020621593234,16.44466073792798
-0.1971280898876402,0.32702895618269934,1088.4,-21944.19858734277,36161.18897635301,20.452958013439954
-0.19263370786516837,0.28322509545789176,1104.6,-21443.88626917076,31317.539075041364,16.538844559812258
-0.164169288389513,0.29467406935088636,1090.3,-18275.241587414665,32583.517388659922,17.283940056664626
-0.16367041198501864,0.3028871065768508,1088.4,-18219.706920097575,33491.68054620317,17.066447101607075
-0.1629213483146068,0.28621165444915153,1090.6,-18136.321533735587,31647.77980474613,17.757997642872382
-0.16017528089887612,0.277998617223187,1082.0,-17830.630707332446,30739.618005004842,16.902535927369886
-0.15967490636704096,0.31010412637923024,1087.8,-17774.929269242635,34289.70885585982,19.704316992032368
-0.1526846441947564,0.3188159189567348,1088.1,-16996.776843712436,35253.02371492137,20.5878692186139
-0.14918801498127338,0.3546546268518531,1084.2,-16607.53386017462,39215.932309342206,15.386221124476961
-0.14893932584269642,0.3661021074653521,1086.3,-16579.849911902416,40481.75456432134,16.534993479544095
-0.14843895131086127,0.34793486912151816,1081.1,-16524.148473812606,38472.88581085335,15.673318636689395
-0.14843895131086127,0.37182734105159687,1088.1,-16524.148473812606,41114.831424551456,12.841688467865431
-0.14744119850187248,0.32877012007460416,1087.5,-16413.079139178415,36353.72010787833,18.64164593257898
-0.14669213483146037,0.33548987780493855,1094.8,-16329.6937528164,37096.76510421087,18.491798767112453
-0.14644194756554318,0.3397218318955537,1091.5,-16301.843033771534,37564.71859551497,20.824301862267188
-0.14519400749063643,0.37954162292602134,1089.3,-16162.922980092397,41967.85113947459,14.149298314536338
-0.14344569288389508,0.3193131810287798,1081.7,-15968.301488323506,35308.008972409305,21.44705574057869
-0.1411985018726593,0.3855147409085409,1086.3,-15718.145329237519,42628.33925241549,11.761224459981378
-0.1394501872659174,0.3929811383866906,1085.4,-15523.523837468567,43453.95005469079,12.28582527642984
-0.13895131086142326,0.401194175612655,1085.7,-15467.989170151499,44362.12280146955,13.043845281431294
-0.13545617977528074,0.4086605730908047,1087.5,-15078.912957386374,45187.73519057529,9.9164288433265
-0.13545617977528074,0.42035892465956914,1091.8,-15078.912957386374,46481.306250959446,10.981802618099938
-0.1332089887640447,0.3113495214785851,1080.5,-14828.756798300356,34427.41956930958,20.576784225758445
-0.1322097378277151,0.3235436418398995,1079.9,-14717.520692893446,35775.79657271973,22.67022478548938
-0.1284644194756554,0.4208561867316142,1093.0,-14300.593761083455,46536.29214589443,9.536367359999636
-0.12272209737827683,0.4181190054161241,1091.2,-13661.36138923231,46233.62208345941,10.912590892717656
-0.12222172284644195,0.31956255870454964,1079.6,-13605.659951142528,35335.58416261417,22.642357265484286
-0.11722846441947576,0.4104032302622047,1091.5,-13049.812965653431,45380.43323360289,9.692404525974846
-0.11697827715355802,0.3255356766870696,1080.8,-13021.962246608506,35996.067964276306,21.16732048873875
-0.1152314606741569,0.4019408153604699,1094.5,-12827.507525612275,44444.684005791525,10.199419811242292
-0.11073707865168536,0.3939771558102757,1093.9,-12327.1952074403,43564.086591936866,11.481261706998676
-0.11023670411984993,0.33125941699381944,1079.9,-12271.493769350456,36628.976939098306,20.82917969790336
-0.10274606741572995,0.39074121914324567,1096.1,-11437.639905730415,43206.266736133985,11.998701898033211
-0.10274606741572995,0.3387258144719686,1093.3,-11437.639905730415,37454.582734050106,17.85057537903157
-0.09875205992509334,0.33275269648944905,1079.3,-10993.029025648228,36794.09804720584,20.312173773695196
-0.0982516853932584,0.3397218318955537,1077.5,-10937.32758755844,37564.71859551497,19.782885579270445
-0.09800299625468145,0.38452021676445136,1095.4,-10909.643639286236,42518.36794922848,12.131548773094293
-0.0962546816479401,0.32901949775037453,1080.2,-10715.022147517346,36381.29532417964,19.808163269384927
-0.0922591760299627,0.32578356108334383,1081.1,-10270.244496662439,36023.47805056247,21.399264582382106
-0.09126142322097336,0.37929373852974657,1092.4,-10159.175162028187,41940.4408928271,11.159263196665345
-0.09051235955056153,0.34519619452653316,1077.2,-10075.7897756662,38170.053236768144,16.68639254512933
-0.09001198501872665,0.32180247794799455,1081.7,-10020.088337576419,35583.26554223921,21.760482955759834
-0.08726591760299646,0.3183171636051947,1082.3,-9714.397511173334,35197.873339241574,19.663061476226805
-0.08476853932584272,0.37431514469131666,1091.8,-9436.390633042398,41389.92442007658,12.858868977461539
-0.08426966292134858,0.3145839648661196,1082.6,-9380.85596572533,34785.07121161775,21.45275472585904
-0.08252134831460667,0.3710807013037821,1093.0,-9186.234473956378,41032.270516874254,13.258564884642345
-0.08152359550561789,0.34768549144574845,1080.2,-9075.16513932219,38445.31054007068,18.258503932627796
-0.08152359550561789,0.31060288173077033,1083.2,-9075.16513932219,34344.859187567905,20.024133297089932
-0.0812734082397002,0.2770040930790969,1092.1,-9047.314420277271,30629.647910894422,15.716338089559766
-0.07628014981273396,0.36436094357344717,1089.0,-8491.467434788166,40289.222663835746,13.37539222668866
-0.0727835205992507,0.3484321311935633,1077.5,-8102.224451250325,38527.87123324046,17.205301845014482
-0.0727835205992507,0.3633649261498626,1083.6,-8102.224451250325,40179.08650788263,15.264435952012228
-0.07203445692883886,0.2822305713138017,1092.4,-8018.839064888339,31207.568931230988,17.695274045886368
-0.06529288389513072,0.35888508766297267,1086.6,-7268.370587630284,39683.72164025152,15.8952923923765
-0.06479400749063657,0.3558985286717129,1080.5,-7212.835920313217,39353.478531937595,15.504364215043141
-0.06429513108614193,0.3489293932656078,1098.8,-7157.301252996095,38582.856658567136,14.688266005966476
-0.06054981273408222,0.28372385080943185,1095.1,-6740.374321186105,31372.689270879317,18.07348287324071
-0.05680449438202251,0.35888508766297267,1081.7,-6323.447389376115,39683.72164025152,15.036589586392095
-0.052310112359550465,0.2864610321249218,1085.1,-5823.135071204084,31675.35490960579,18.231341770310816
-0.049562546816479536,0.36162226897846217,1081.7,-5517.277474028284,39986.38954496015,14.513043658121243
-0.044569288389513295,0.35888508766297267,1082.0,-4961.43048853918,39683.72164025152,15.734892834278861
-0.040325093632958386,0.28496775262929164,1088.1,-4488.968889412005,31510.234530287682,17.651243078881404
-0.036579775280898674,0.35415587150031247,1082.3,-4072.0419576020163,39160.78172835644,15.080833208657586
-0.03108614232209761,0.28895032904413653,1099.7,-3460.4935340231373,31950.610630456737,17.519060156760396
-0.027090636704119653,0.3484321311935633,1082.9,-3015.715883168167,38527.87123324046,16.912041624751932
-0.024094382022471772,0.2981578904141906,1091.5,-2682.1743377201624,32968.743604074596,18.7950911227013
-0.022347565543071157,0.3591344653387425,1111.0,-2487.719616723987,39711.29694472388,16.971169501177126
-0.022347565543071157,0.3511693125090527,1086.3,-2487.719616723987,38830.53879121012,16.94876434009401
-0.022347565543071157,0.36411156589767746,1110.4,-2487.719616723987,40261.64734327241,13.300283444753644
-0.022347565543071157,0.3817815421694658,1116.5,-2487.719616723987,42215.534127268416,12.463380623311757
-0.022347565543071157,0.37680444161053184,1114.3,-2487.719616723987,41665.182616601756,13.189282607509723
-0.022347565543071157,0.3705819459522415,1114.6,-2487.719616723987,40977.11983448012,13.732336533549052
-0.020100374531835108,0.3414629957874581,1098.8,-2237.563457637969,37757.249979190754,17.541253309470964
-0.0183520599250937,0.3359886331564791,1097.3,-2042.941965869073,37151.915575536244,17.5516514137539
-0.013857677902621657,0.3006471873334059,1082.9,-1542.629647697042,33243.99961668647,17.085009518418836
-0.013358801498127015,0.33051277724600414,1083.9,-1487.0949803799194,36546.416394507534,21.943766614121554
-0.009113108614231868,0.32404239719143957,1083.9,-1014.4666104800865,35830.946976978,21.83098283095063
-0.007865168539325895,0.3178199015331502,1099.4,-875.546556801034,35142.88808714001,20.31485739267293
-0.005119101123595204,0.31060288173077033,1089.6,-569.8557303978928,34344.859187567905,20.47317996304669
-0.005119101123595204,0.301643204756991,1084.2,-569.8557303978928,33354.1350636313,18.681654543248456
0.0008734082397005016,0.3051270258202958,1093.0,97.22736049810926,33739.36152759222,18.91724347642876
0.006367041198501622,0.29965116990982077,1099.1,708.7757840769948,33133.864179923155,17.601756329735938
0.012609737827715684,0.29616734884651597,1123.8,1403.7095940179895,32748.637911736907,18.213761785162657
0.014356554307116243,0.3170732617853349,1092.7,1598.1643150141585,35060.32765358234,21.54495453523069
0.02134831460674158,0.3170732617853349,1096.7,2376.483511317077,35060.32765358234,21.571013567724908
0.02134831460674158,0.2919368880353963,1133.5,2376.483511317077,32280.851528011633,18.61705859908413
0.0310861423220975,0.31856654128096507,1104.0,3460.4935340231245,35225.448526743334,21.048987598638497
0.03807790262172284,0.28347447313366203,1150.3,4238.8127303260435,31345.114172658767,16.189172365791155
0.040325093632958886,0.3160772443617498,1118.3,4488.968889412062,34950.19204460966,19.56925067481294
0.047815730337078866,0.3188159189567348,1128.4,5322.822753032103,35253.02371492137,21.03913701447649
0.05630411985018757,0.32379301951566974,1131.7,6267.745951286328,35803.37177450535,22.22636313436505
0.07178576779026236,0.3245396592634846,1137.8,7991.155116616184,35885.932263002505,20.77869970224985
0.07752808988764037,0.31906380335300955,1142.4,8630.387488467268,35280.43378288277,20.636508675953216
0.08227265917603022,0.31657599971328987,1143.9,9158.55052568423,35005.34240818341,20.035109799916714
0.09026217228464428,0.31732263946110517,1147.0,10047.939056621331,35087.90283771874,17.519199967218274
0.0977528089887637,0.31657599971328987,1147.0,10881.792920241312,35005.34240818341,18.43941088756549
0.10424419475655466,0.32155310027222483,1141.8,11604.410678454504,35555.69034592275,21.64784069108602
0.11248389513108648,0.3210558382001798,1144.8,12521.64992843653,35500.70507625998,21.03927404698086
0.11997453183520645,0.31657599971328987,1149.1,13355.503792056572,35005.34240818341,18.652817240871368
0.12896329588015,0.3145839648661196,1146.6,14356.12842840057,34785.07121161775,20.014427155527095
0.1369543071161049,0.3133400630462603,1151.5,15245.6837301104,34647.525576021006,17.693196952372276
0.1372029962546818,0.282977211061617,1174.4,15273.3676783826,31290.129098363912,15.834905624159486
0.1372029962546818,0.294424691675116,1165.2,15273.3676783826,32555.942263494664,17.42617288408006
0.14469363295880178,0.3006471873334059,1163.4,16107.22154200264,33243.99961668647,18.323699171362296
0.15043745318352064,0.31060288173077033,1163.7,16746.62068462645,34344.859187567905,18.405451144640953
0.1534337078651684,0.34071635603964323,1162.5,17080.162230074442,37674.68934722527,16.91988405074668
0.1534337078651684,0.332255434417404,1166.2,17080.162230074442,36739.112715398034,20.074297065614292
0.1534337078651684,0.3247890369392543,1165.8,17080.162230074442,35913.507467536416,20.813306246945775
0.1579280898876405,0.34569494987807325,1160.4,17580.47454824648,38225.203764378246,15.257461725358846
0.16367041198501864,0.35092142811277804,1164.3,18219.706920097575,38803.12863224569,16.86929364480852
0.16591760299625458,0.3573918081673426,1163.7,18469.86307918358,39518.60007249225,14.743549794995197
0.16641647940074933,0.36560484539330707,1163.7,18525.397746500716,40426.769034852616,12.628527759717448
0.16641647940074933,0.37332062054722703,1165.8,18525.397746500716,41279.95326114696,12.170054013480744
0.17191011235955034,0.37954162292602134,1160.4,19136.946170079587,41967.85113947459,11.557155658805915
0.17640449438202244,0.3827775595930514,1160.7,19637.258488251628,42325.67051681979,12.95113765375708
0.18089887640449454,0.3877546601519859,1158.2,20137.57080642366,42876.0224154229,10.63212270180185
0.18714157303370804,0.39323051606246084,1159.4,20832.504616364597,43481.52546831354,11.69373768678573
0.1936329588014979,0.39746097687357995,1154.0,21555.122374577666,43949.31689409804,10.874883742060268
0.2021228464419479,0.39820761662139526,1153.4,22500.212343604664,44031.87806039003,9.673906082635252
0.20511910112359577,0.40393285020764014,1156.7,22833.75388905267,44664.95733638346,11.041790039220906
0.20561797752808986,0.4121458874336046,1152.1,22889.28855636973,45573.13131917566,9.184013696646733
0.20961348314606731,0.4196122849117543,1150.6,23334.066207224645,46398.74485381226,8.313570036304961
0.41260973782771526,0.30139382708122064,1131.1,45931.50591132737,33326.55992078442,8.994087354321028
0.41260973782771526,0.3175705238573794,1127.7,45931.50591132737,35115.312901659745,8.827387963315887
0.41385767790262185,0.3275262182547444,1118.6,46070.42596500649,36216.17427889492,10.452992646265105
0.41635505617977553,0.34245901321104366,1111.0,46348.43284313742,37867.38587235066,7.197200742599854
0.41760299625468156,0.2839717352057065,1140.9,46487.35289681648,31400.099249347153,8.417187937394111
0.42010037453183524,0.34992541068919336,1107.3,46765.359774947414,38692.992639482094,9.32151564861238
0.42134831460674127,0.40592339177531533,1104.6,46904.27982862647,44885.06559919306,9.590946489063988
0.42134831460674127,0.4233454836508289,1093.3,46904.27982862647,46811.55191967966,7.445453521256984
0.4250936329588014,0.3598811050865578,1100.6,47321.20676043651,39793.85774112498,8.330751999326125
0.4275910112359552,0.2827278333858467,1174.4,47599.21363856745,31262.554001943503,9.21555792556134
0.4275910112359552,0.3872573980799413,1138.1,47599.21363856745,42821.03674751271,7.038980349258418
0.4338322097378279,0.3723246031236419,1099.4,48293.98067773566,41169.81699298947,6.872130522047272
0.4350816479400752,0.2765053377275568,1191.1,48433.06750218749,30574.497747102996,10.049727129219933
-0.5,0.4980094584323248,1021.4,-55659.74539663678,55067.737893591795,2.9110050066045465
-0.48626666666666657,0.46316527468129653,1357.9,-54130.957723075815,51214.730094155384,6.108731635567839
-0.47253483146067393,0.45694427230250223,1311.2,-52602.336820287564,50526.82478867522,5.643259064134592
-0.46878951310861394,0.4432553791660633,1213.7,-52185.40988847755,49013.13800797341,5.022743526441416
-0.4662921348314607,0.427078682389904,1093.0,-51907.403010346665,47224.35918694738,5.074121793034682
-0.42259625468164774,0.4308118811289786,1260.6,-47043.19988230558,47637.16665739238,6.205066736182642
-0.39513108614232223,0.4370328835077728,1196.3,-43985.79130595642,48325.0694823538,6.630035445579211
-0.3764044943820226,0.4382782786071283,1166.8,-41901.156646906355,48462.78221492126,7.711201715656107
-0.35642996254681625,0.440766082246848,1135.4,-39677.60193417715,48737.87750323487,9.271249612346256
-0.3364539325842696,0.445744676085278,1123.5,-37453.880450675286,49288.39860647251,7.267338579329655
-0.3164794007490638,0.4532110735634277,1112.2,-35230.32573794614,50114.015846255694,7.542666539059006
-0.30649138576779,0.46316527468129653,1109.5,-34118.46499619516,51214.730094155384,7.101117799259523
-0.2915101123595504,0.4544549753832875,1111.0,-32450.757268955113,50251.563761829515,9.72750625814367
-0.27902621722846455,0.445744676085278,1109.5,-31061.05641984601,49288.39860647251,7.760555846172346
-0.27553108614232197,0.4405181978505732,1099.1,-30671.980207080876,48710.46704416733,9.077345989989446
-0.2710367041198499,0.44375264123810776,1097.6,-30171.667888908843,49068.12407082807,7.401424872819161
-0.2692883895131085,0.4355396040121432,1097.3,-29977.04639713995,48159.94633231824,9.477769955320591
-0.26379475655430684,0.44649131583309276,1095.4,-29365.497973561003,49370.96029204502,10.218295038558173
-0.26054981273408206,0.4285719618855336,1097.9,-29004.272479840798,47389.482150645315,10.318612551730935
-0.25380823970037425,0.4502245145721674,1097.3,-28253.804002582783,49783.76884764391,8.83621590703001
-0.24456928838951314,0.4576909120503171,1098.2,-27225.328647193877,50609.386603188024,8.8361133333091
-0.23458127340823942,0.46067747104157686,1097.3,-26113.467905442896,50939.633948481605,7.898081563885948
-0.22534382022471888,0.46416129210488166,1097.3,-25085.159320826686,51324.86765406853,8.442464500925357
-0.21810187265917585,0.46689847342037105,1101.2,-24278.989405478853,51627.53962016129,9.197311871584718
-0.21260973782771497,0.42981586370539404,1091.5,-23667.607752672626,47527.02960430554,10.510431961053847
-0.21086142322097384,0.43777952325558767,1093.0,-23472.98626090376,48407.63106984017,9.901159222878002
-0.20886441947565526,0.4619213728614372,1099.1,-23250.680820862635,51077.1820091199,7.539905161002819
-0.20861423220973785,0.44549529840950763,1093.9,-23222.830101817748,49260.82300538112,8.3226490021339
-0.2063670411985018,0.45271231821188707,1093.3,-22972.67394273173,50058.86458791438,7.815376681784532
-0.19762846441947535,0.45793879644659174,1094.5,-21999.90002543258,50636.797127531805,9.415258267053808
-0.18264719101123572,0.45520161513110236,1095.1,-20332.192298192535,50334.1255474077,7.895666029626229
-0.17141123595505603,0.4514684163920277,1094.8,-19081.411502762505,49921.31670585685,10.607181289038365
-0.16267116104868906,0.4492284971485828,1096.1,-18108.470814690663,49673.6315041345,10.11916631625326
-0.15942621722846428,0.4848178273679302,1098.5,-17747.24532097046,53609.0284682595,7.34733698968265
-0.15867715355805218,0.4925336025218503,1099.4,-17663.859934608445,54462.22616667289,6.724702702635678
-0.15817677902621702,0.4999999999999999,1100.9,-17608.158496518634,55287.84904552775,6.459922435386489
-0.1536823970037452,0.4783474473133662,1098.8,-17107.846178346626,52893.54526731327,6.003603265243469
-0.1536823970037452,0.4472379555809076,1095.7,-17107.846178346626,49453.521986115134,8.307056665812777
-0.1519355805243443,0.47212495165507584,1097.9,-16913.391457350423,52205.47333013413,7.164132573001733
-0.14918801498127338,0.46490793185269697,1097.0,-16607.53386017462,51407.4295533659,7.729014480952274
-0.14644194756554318,0.45744153437454727,1093.6,-16301.843033771534,50581.81095617425,7.547229519405549
-0.14519400749063643,0.4492284971485828,1092.7,-16162.922980092397,49673.6315041345,7.834749657860654
-0.14294681647940038,0.43877554067917335,1094.5,-15912.766821006378,48517.76824051792,8.073366126122705
-0.13995056179775278,0.43155852087679336,1093.9,-15579.225275558403,47719.72817602023,8.767639181630736
-0.13820224719101143,0.427575944461949,1094.8,-15384.603783789515,47279.34513024372,9.568915409486102
0.21235955056179745,0.42608266496631886,1143.6,23639.757033627724,47114.22218824132,10.123046584144705
0.21560599250936363,0.4332996847686983,1143.9,24001.149298120716,47912.261669387466,9.078065497728304
0.21660374531835236,0.4395221804269881,1142.7,24112.2186327549,48600.32984747103,9.353339862287664
0.2173528089887642,0.45271231821188707,1137.5,24195.604019116883,50058.86458791438,7.654188807199363
0.2173528089887642,0.44549529840950763,1134.8,24195.604019116883,49260.82300538112,8.184590626298696
0.2235955056179777,0.45918419154594725,1135.7,24890.537829057816,50774.51025835865,8.228126471682623
0.2300868913857681,0.46316527468129653,1136.0,25613.15558727095,51214.730094155384,8.638910439762332
0.2368284644194757,0.46689847342037105,1134.5,26363.62406452894,51627.53962016129,7.669933555840923
0.23907565543071174,0.49552016151311007,1106.7,26613.780223614962,54792.47520494584,6.132802604860414
0.242572284644195,0.4708810498352165,1136.3,27003.0232071528,52067.925067424134,7.277650453471602
0.25031161048689143,0.48432056529588574,1100.9,27864.56101904499,53554.04208194566,5.970849790378204
0.261547565543071,0.4731209690786615,1090.3,29115.34181447501,52315.61103265625,8.255130286635225
0.27278352059925126,0.46316527468129653,1099.1,30366.122609905102,51214.730094155384,6.461243601803733
0.2865168539325842,0.4544549753832875,1096.1,31894.910283466015,50251.563761829515,9.24932363610033
0.30399550561797783,0.44823247972499713,1097.3,33840.62488883703,49563.49417583793,8.686104134421845
0.3214726591760302,0.44823247972499713,1090.3,35786.172723435266,49563.49417583793,8.624890345735118
0.3464419475655427,0.44823247972499713,1086.6,38565.74119242619,49563.49417583793,7.339229385506482
0.3589258426966294,0.445744676085278,1091.5,39955.442041535396,49288.39860647251,8.047730298810004
0.3701617977528091,0.4432553791660633,1082.6,41206.222836965426,49013.13800797341,5.8278660642289175
0.3913857677902619,0.4432553791660633,1077.5,43568.86437414637,49013.13800797341,5.761713563364069
0.42010037453183524,0.4357889816879136,1097.3,46765.359774947414,48187.52189606556,6.210351125055835
0.44007490636704083,0.440766082246848,1069.8,48988.91448767653,48737.87750323487,5.0230802910296894
0.46004943820224753,0.4382782786071283,1061.6,51212.46920040578,48462.78221492126,5.163479080409862
0.48127340823970033,0.4382782786071283,1063.7,53575.110737586714,48462.78221492126,4.241532810990227
0.4987520599250934,0.4395221804269881,1056.1,55520.82534295766,48600.32984747103,3.7456500950742786
